icao24,callsign,paese,time_position,last_contact,longitude,latitude,baro_altitude,on_ground,velocity,true_track,vertical_rate,sensors,geo_altitude,squawk,spi,position_source,timestamp_raccolta
39de4a,TVF49MD ,France,1787658188,1787658188,11.2051,41.6632,11277.6,False,247.6,129.94,0.0,,11894.82,0214,False,0,2026-08-25 11:43:14.978701
39de4d,TVF28CY ,France,1787658188,1787658188,8.5456,44.8515,10965.18,False,207.76,318.61,0.0,,11445.24,5520,False,0,2026-08-25 11:43:14.978701
39de59,TVF82QK ,France,1787658187,1787658188,10.3015,42.8062,8397.24,False,250.66,135.75,-5.2,,8877.3,1000,False,0,2026-08-25 11:43:14.978701
39de47,TVF36VX ,France,1787658188,1787658188,13.8435,41.0101,11582.4,False,212.35,296.32,0.65,,12214.86,,False,0,2026-08-25 11:43:14.978701
39de42,TVF8964 ,France,1787658152,1787658180,7.7086,37.4965,11887.2,False,233.53,154.0,0.33,,12595.86,7647,False,0,2026-08-25 11:43:14.978701
4acb02,NSZ2893 ,Sweden,1787658188,1787658188,12.7114,46.5965,11582.4,False,249.67,41.41,0.0,,12016.74,0456,False,0,2026-08-25 11:43:14.978701
4acb04,NSZ3YT  ,Sweden,1787658188,1787658188,8.4191,45.4687,10149.84,False,226.78,198.52,-4.88,,10591.8,1000,False,0,2026-08-25 11:43:14.978701
471efe,WMT6Z   ,Hungary,1787658027,1787658027,17.2424,41.3574,10058.4,False,260.23,119.1,0.33,,10629.9,,False,0,2026-08-25 11:43:14.978701
471efc,WMT6QH  ,Hungary,1787658188,1787658188,9.8951,45.5671,5326.38,False,182.17,255.61,-13.33,,5577.84,1176,False,0,2026-08-25 11:43:14.978701
44029f,AUA589  ,Austria,1787658187,1787658188,11.8456,42.6898,10660.38,False,224.72,194.45,0.0,,11231.88,7155,False,0,2026-08-25 11:43:14.978701
3d3842,DETOC   ,Germany,1787658188,1787658188,11.7869,45.2703,373.38,False,50.45,11.77,-0.65,,403.86,2000,False,0,2026-08-25 11:43:14.978701
3d3843,DETOD   ,Germany,1787658013,1787658013,11.8278,45.3786,251.46,False,36.83,118.35,-3.25,,342.9,2000,False,0,2026-08-25 11:43:14.978701
440248,EJU19EG ,Austria,1787658188,1787658188,9.3629,45.6284,2667.0,False,145.81,36.1,14.96,,2804.16,1000,False,0,2026-08-25 11:43:14.978701
3c5ee7,EWG32G  ,Germany,1787658187,1787658188,11.5433,45.7913,11300.46,False,233.17,174.3,-0.65,,11719.56,1113,False,0,2026-08-25 11:43:14.978701
46b82d,AEE61PG ,Greece,1787658004,1787658047,18.2632,41.7512,11894.82,False,232.78,163.57,-0.33,,12527.28,3754,False,0,2026-08-25 11:43:14.978701
44020c,EJU43CD ,Austria,1787658186,1787658187,18.2441,44.4207,10561.32,False,219.27,157.23,-2.6,,11087.1,5144,False,0,2026-08-25 11:43:14.978701
46b823,AEE711  ,Greece,1787658188,1787658188,13.4601,39.7585,11285.22,False,257.78,104.09,0.0,,11932.92,1205,False,0,2026-08-25 11:43:14.978701
440236,OEFDD   ,Austria,1787657981,1787657981,12.5541,42.1373,518.16,False,61.99,40.96,-0.98,,586.74,,False,0,2026-08-25 11:43:14.978701
4aca8b,NOZ5VD  ,Sweden,1787658128,1787658188,7.2169,43.6634,,True,0.77,45.0,,,,,False,0,2026-08-25 11:43:14.978701
4400f3,EJU9046 ,Austria,1787658184,1787658186,10.6472,40.7974,10363.2,False,230.66,85.52,0.0,,10988.04,1000,False,0,2026-08-25 11:43:14.978701
4400ec,EJU58LA ,Austria,1787657982,1787657982,13.7892,44.8906,541.02,False,85.44,88.27,-4.55,,624.84,1000,False,0,2026-08-25 11:43:14.978701
471f9e,WZZ3LT  ,Hungary,1787658187,1787658188,17.6282,44.5641,10683.24,False,246.99,124.22,-0.33,,11209.02,4742,False,0,2026-08-25 11:43:14.978701
e48ba9,TAM8073 ,Brazil,1787658188,1787658188,8.5661,44.2194,8862.06,False,255.07,172.0,5.2,,9304.02,0425,False,0,2026-08-25 11:43:14.978701
343141,IBS18UY ,Spain,1787658051,1787658051,14.2824,41.0336,2674.62,False,149.61,42.91,-5.2,,2910.84,1000,False,0,2026-08-25 11:43:14.978701
471f6f,WMT8570 ,Hungary,1787658188,1787658188,11.9347,43.669,8625.84,False,238.78,91.48,7.8,,9075.42,1221,False,0,2026-08-25 11:43:14.978701
392049,FGICJ   ,France,1787658188,1787658188,9.0069,42.7034,5486.4,False,81.75,353.86,-0.33,,5775.96,,False,0,2026-08-25 11:43:14.978701
4400c0,OEDAY   ,Austria,1787658188,1787658188,9.9493,44.7574,3017.52,False,45.58,233.26,2.6,,3169.92,4672,False,0,2026-08-25 11:43:14.978701
471f66,WMT796  ,Hungary,1787658183,1787658183,8.723,45.6139,,True,4.89,253.12,,,,1000,False,0,2026-08-25 11:43:14.978701
471f78,WMT2WL  ,Hungary,1787658188,1787658188,12.4038,44.1955,10058.4,False,265.63,87.89,0.0,,10530.84,0477,False,0,2026-08-25 11:43:14.978701
471f5c,WZZ915  ,Hungary,1787658187,1787658188,18.2705,44.7705,3055.62,False,137.36,179.57,-1.95,,3261.36,4401,False,0,2026-08-25 11:43:14.978701
51119a,MBU8BX  ,Estonia,1787658188,1787658188,6.7562,43.8175,10675.62,False,199.87,241.06,0.0,,11201.4,6655,False,0,2026-08-25 11:43:14.978701
471f38,WMT7920 ,Hungary,1787658187,1787658188,18.0432,44.7922,10668.0,False,232.38,152.87,-3.58,,11178.54,1401,False,0,2026-08-25 11:43:14.978701
471f00,WZZ6845 ,Hungary,1787658188,1787658188,18.3699,45.5963,10652.76,False,211.78,191.77,-0.33,,11140.44,1000,False,0,2026-08-25 11:43:14.978701
471f04,WMT3186 ,Hungary,1787658188,1787658188,9.2079,40.8818,10363.2,False,260.75,74.32,0.0,,10972.8,2360,False,0,2026-08-25 11:43:14.978701
440389,EJU61FP ,Austria,1787658157,1787658157,8.7357,45.6159,,True,0.0,104.06,,,,3756,False,0,2026-08-25 11:43:14.978701
440352,EJU798L ,Austria,1787658188,1787658188,7.4315,43.6108,944.88,False,78.22,305.36,0.0,,1028.7,1000,False,0,2026-08-25 11:43:14.978701
4bc854,PGT5AA  ,Turkey,1787658187,1787658187,12.7399,44.5782,10363.2,False,200.7,268.53,0.33,,10835.64,6537,False,0,2026-08-25 11:43:14.978701
4bc84e,PGT1149 ,Turkey,1787658187,1787658188,7.6258,43.4746,1127.76,False,83.44,318.25,-1.95,,1219.2,6407,False,0,2026-08-25 11:43:14.978701
4401e8,EJU61VB ,Austria,1787658185,1787658186,10.785,40.7882,11582.4,False,247.88,85.0,0.0,,12199.62,1000,False,0,2026-08-25 11:43:14.978701
4bc85a,PGT80EF ,Turkey,1787658188,1787658188,14.0486,44.8753,9738.36,False,203.42,280.34,0.0,,10172.7,2343,False,0,2026-08-25 11:43:14.978701
3946e5,AFR75EB ,France,1787658187,1787658188,18.4717,39.6672,10972.8,False,217.16,311.73,0.33,,11620.5,,False,0,2026-08-25 11:43:14.978701
4bc894,PGT1101 ,Turkey,1787658188,1787658188,13.6303,44.439,10363.2,False,202.1,259.29,0.0,,10858.5,4150,False,0,2026-08-25 11:43:14.978701
44008f,AUA465  ,Austria,1787658187,1787658188,13.417,44.5392,10660.38,False,214.41,210.26,-0.33,,11140.44,7161,False,0,2026-08-25 11:43:14.978701
738061,ELY224  ,Israel,1787658188,1787658188,13.7116,41.2531,10942.32,False,257.46,114.06,-4.23,,11544.3,1255,False,0,2026-08-25 11:43:14.978701
73805c,ELY860  ,Israel,1787658188,1787658188,13.9309,46.7211,11277.6,False,244.93,133.21,0.0,,11704.32,7667,False,0,2026-08-25 11:43:14.978701
44004c,OEKMA   ,Austria,1787658187,1787658187,15.6833,46.5519,708.66,False,51.78,20.96,5.85,,784.86,7006,False,0,2026-08-25 11:43:14.978701
3c4a10,DLH568  ,Germany,1787658186,1787658188,7.4233,40.1129,11277.6,False,251.11,183.88,-0.33,,11940.54,2507,False,0,2026-08-25 11:43:14.978701
440047,EJU32BZ ,Austria,1787658187,1787658188,9.2548,45.5065,1143.0,False,86.81,335.87,6.5,,1211.58,1000,False,0,2026-08-25 11:43:14.978701
738053,ELY396  ,Israel,1787658188,1787658188,17.9696,38.7721,10668.0,False,256.78,107.13,0.0,,11300.46,1244,False,0,2026-08-25 11:43:14.978701
3c4a14,DLH590  ,Germany,1787658188,1787658188,18.3521,40.3406,11277.6,False,255.17,154.31,-0.33,,11917.68,2576,False,0,2026-08-25 11:43:14.978701
440050,AUA64C  ,Austria,1787658187,1787658187,16.7495,45.5076,10058.4,False,233.14,339.33,-0.33,,10523.22,1000,False,0,2026-08-25 11:43:14.978701
738056,ELY394  ,Israel,1787658188,1787658188,15.2771,39.5507,10668.0,False,264.41,104.77,0.0,,11292.84,4313,False,0,2026-08-25 11:43:14.978701
738059,ELY382  ,Israel,1787658152,1787658152,17.7496,42.5104,11277.6,False,246.02,130.25,0.0,,11849.1,0464,False,0,2026-08-25 11:43:14.978701
ac3448,AAL207  ,United States,1787658184,1787658187,8.7372,45.6169,,True,0.0,345.94,,,,,False,0,2026-08-25 11:43:14.978701
440073,EJU51VJ ,Austria,1787658188,1787658188,14.2714,43.6371,11894.82,False,243.92,107.17,-0.65,,12435.84,0401,False,0,2026-08-25 11:43:14.978701
440072,EJU89BT ,Austria,1787658187,1787658188,9.2905,45.4407,5486.4,False,187.22,137.9,8.13,,5745.48,0402,False,0,2026-08-25 11:43:14.978701
440018,EJU47QR ,Austria,1787658187,1787658188,8.7998,45.3503,960.12,False,103.92,348.58,-2.6,,1028.7,2272,False,0,2026-08-25 11:43:14.978701
472fd0,JSD219  ,Hungary,1787658187,1787658188,14.3834,46.2435,10050.78,False,205.96,251.66,0.33,,10431.78,4207,False,0,2026-08-25 11:43:14.978701
440036,EJU98ZN ,Austria,1787658187,1787658188,9.2512,42.5561,9136.38,False,215.59,355.89,-0.33,,9662.16,1000,False,0,2026-08-25 11:43:14.978701
44001f,,Austria,1787658184,1787658184,8.7252,45.6446,,True,1.29,261.56,,,,,False,0,2026-08-25 11:43:14.978701
44001b,AUA849  ,Austria,1787658187,1787658188,18.3897,45.0868,10668.0,False,233.45,161.37,0.0,,11201.4,7151,False,0,2026-08-25 11:43:14.978701
505d83,OMELA   ,Slovakia,1787658188,1787658188,14.3406,45.8745,1219.2,False,78.6,43.41,0.65,,1310.64,7004,False,0,2026-08-25 11:43:14.978701
405638,EZY43DX ,United Kingdom,1787658188,1787658188,10.3421,46.8218,11582.4,False,215.79,319.93,0.0,,11993.88,7516,False,0,2026-08-25 11:43:14.978701
4891ad,ENT6632 ,Poland,1787658188,1787658188,16.7765,45.09,11582.4,False,211.11,316.97,0.0,,12100.56,6051,False,0,2026-08-25 11:43:14.978701
471d6a,WZZ221  ,Hungary,1787658188,1787658188,12.2936,45.5551,10965.18,False,239.77,16.45,0.33,,11414.76,1000,False,0,2026-08-25 11:43:14.978701
471d6e,WZZ2AV  ,Hungary,1787658188,1787658188,10.6867,45.392,10972.8,False,258.18,54.0,0.33,,11430.0,1000,False,0,2026-08-25 11:43:14.978701
aa9093,AAL239  ,United States,1787658188,1787658188,11.503,41.8699,3931.92,False,169.76,301.62,8.78,,4191.0,,False,0,2026-08-25 11:43:14.978701
471d66,WZZ884  ,Hungary,1787658188,1787658188,16.9162,45.623,10378.44,False,209.56,301.86,0.0,,10866.12,6115,False,0,2026-08-25 11:43:14.978701
471d5e,WMT9077 ,Hungary,1787658186,1787658187,15.3652,41.0782,4792.98,False,148.99,284.8,-8.45,,5135.88,2213,False,0,2026-08-25 11:43:14.978701
471d5f,WMT5JN  ,Hungary,1787658188,1787658188,10.9274,44.4181,7802.88,False,213.49,75.63,-5.2,,8191.5,1000,False,0,2026-08-25 11:43:14.978701
4b0dd5,HUE11F  ,Switzerland,1787658187,1787658188,6.9987,46.0662,3459.48,False,129.07,26.77,-9.43,,3634.74,4072,False,0,2026-08-25 11:43:14.978701
4a3123,AIZ338  ,Romania,1787658163,1787658186,18.4239,42.6031,10058.4,False,255.54,118.63,0.33,,10591.8,0405,False,0,2026-08-25 11:43:14.978701
896184,UAE25K  ,United Arab Emirates,1787658188,1787658188,18.5286,39.6093,11887.2,False,269.96,130.67,0.33,,12542.52,0245,False,0,2026-08-25 11:43:14.978701
45218e,LZB477  ,Bulgaria,1787658188,1787658188,12.207,41.0453,11582.4,False,198.17,268.07,0.0,,12192.0,6541,False,0,2026-08-25 11:43:14.978701
39dd48,CCM31A  ,France,1787658188,1787658188,10.9723,41.8919,4747.26,False,87.43,263.92,2.28,,5036.82,,False,0,2026-08-25 11:43:14.978701
440191,EJU46LB ,Austria,1787658188,1787658188,6.8811,46.1368,10980.42,False,208.97,310.91,0.33,,11414.76,1000,False,0,2026-08-25 11:43:14.978701
471dbd,WMT694  ,Hungary,1787658187,1787658188,12.674,39.9264,10172.7,False,239.91,164.32,6.83,,10812.78,,False,0,2026-08-25 11:43:14.978701
440137,OEVPI   ,Austria,1787658188,1787658188,15.5711,46.921,1066.8,False,84.31,174.05,0.0,,1135.38,7343,False,0,2026-08-25 11:43:14.978701
471dbb,WZZ8HY  ,Hungary,1787658188,1787658188,10.8661,44.5737,10660.38,False,198.39,263.3,0.0,,11148.06,7224,False,0,2026-08-25 11:43:14.978701
4c2e40,YULSA   ,Serbia,1787658188,1787658188,13.4591,46.9161,10668.0,False,199.79,262.45,-0.33,,11056.62,1000,False,0,2026-08-25 11:43:14.978701
45caa1,DTR1842 ,Denmark,1787658188,1787658188,14.1633,36.7175,4259.58,False,130.8,51.87,-0.33,,4632.96,3761,False,0,2026-08-25 11:43:14.978701
471dab,WMT1134 ,Hungary,1787658187,1787658187,16.5122,44.5722,10347.96,False,205.84,265.7,-0.33,,10858.5,7342,False,0,2026-08-25 11:43:14.978701
471db0,WMT63CN ,Hungary,1787658187,1787658187,17.747,44.8103,10668.0,False,251.0,26.67,0.0,,11193.78,1000,False,0,2026-08-25 11:43:14.978701
4bd8c2,TKJ20Q  ,Turkey,1787658189,1787658189,14.1095,44.9968,10668.0,False,257.05,104.84,-0.33,,11140.44,0447,False,0,2026-08-25 11:43:14.978701
300a4d,IOZZW   ,Italy,1787658188,1787658188,11.544,44.4992,381.0,False,38.31,284.78,-0.65,,419.1,,False,0,2026-08-25 11:43:14.978701
440115,EJU692D ,Austria,1787658188,1787658188,10.8307,43.3669,11887.2,False,236.8,164.24,0.0,,12443.46,0460,False,0,2026-08-25 11:43:14.978701
440100,SKV555  ,Austria,1787658188,1787658188,15.5746,39.4945,6629.4,False,167.87,137.61,-8.45,,7109.46,5403,False,0,2026-08-25 11:43:14.978701
3d356a,DESMC   ,Germany,1787658188,1787658188,12.5625,44.275,2148.84,False,100.12,132.71,-4.55,,2286.0,2136,False,0,2026-08-25 11:43:14.978701
4b1fa1,HBLZL   ,Switzerland,1787658032,1787658034,8.9449,46.1465,876.3,False,57.36,55.6,-2.93,,937.26,7000,False,0,2026-08-25 11:43:14.978701
34568d,VOE1DT  ,Spain,1787658187,1787658188,14.5322,37.5196,1988.82,False,160.93,130.46,-9.43,,2209.8,5120,False,0,2026-08-25 11:43:14.978701
345698,ANE2228 ,Spain,1787657927,1787657932,7.2075,43.6577,,True,0.0,315.0,,,,1000,False,0,2026-08-25 11:43:14.978701
7380c5,ELY008  ,Israel,1787658188,1787658188,7.3249,44.9696,11277.6,False,286.57,100.34,-0.33,,11765.28,0437,False,0,2026-08-25 11:43:14.978701
345643,VLG4CA  ,Spain,1787658187,1787658188,14.141,39.5772,11277.6,False,250.91,104.12,0.0,,11948.16,1415,False,0,2026-08-25 11:43:14.978701
345613,VOE2149 ,Spain,1787658188,1787658188,10.2115,43.2651,10980.42,False,207.6,312.19,0.0,,11506.2,1000,False,0,2026-08-25 11:43:14.978701
39dd02,TVF48RW ,France,1787658188,1787658188,11.4786,39.048,11597.64,False,208.59,324.23,-0.33,,12268.2,6573,False,0,2026-08-25 11:43:14.978701
39dd04,TVF8099 ,France,1787658188,1787658188,11.6444,38.9176,11582.4,False,223.47,11.28,0.0,,12245.34,6166,False,0,2026-08-25 11:43:14.978701
4066b9,EXS42UD ,United Kingdom,1787658187,1787658188,13.1112,46.6835,10363.2,False,212.91,302.77,0.33,,10759.44,1345,False,0,2026-08-25 11:43:14.978701
4bb267,THY40B  ,Turkey,1787658182,1787658185,16.5885,42.7174,10363.2,False,213.77,229.29,0.0,,10904.22,2311,False,0,2026-08-25 11:43:14.978701
506cde,S5CSS   ,Slovenia,1787658188,1787658188,7.1662,43.4182,1531.62,False,142.66,95.59,0.65,,1638.3,,False,0,2026-08-25 11:43:14.978701
44cdcc,BEL3KH  ,Belgium,1787658188,1787658188,8.8199,43.967,11285.22,False,259.0,134.84,0.0,,11811.0,4615,False,0,2026-08-25 11:43:14.978701
4bb279,THY8TY  ,Turkey,1787658188,1787658188,14.5952,38.4719,10363.2,False,213.78,254.79,0.0,,11010.9,2304,False,0,2026-08-25 11:43:14.978701
4bb285,THY7CT  ,Turkey,1787658187,1787658187,7.5383,40.066,9753.6,False,250.71,43.59,-0.33,,10363.2,2361,False,0,2026-08-25 11:43:14.978701
44cdc6,BEL1VC  ,Belgium,1787658188,1787658188,15.4948,45.4247,10957.56,False,217.25,308.17,0.0,,11437.62,6630,False,0,2026-08-25 11:43:14.978701
44cdc5,BEL9DK  ,Belgium,1787658188,1787658188,13.9293,45.0027,10355.58,False,206.38,305.16,0.65,,10805.16,1000,False,0,2026-08-25 11:43:14.978701
020175,MAC452E ,Morocco,1787658188,1787658189,9.5672,45.4787,2682.24,False,153.97,187.1,12.68,,2827.02,3743,False,0,2026-08-25 11:43:14.978701
4bb29a,TKJ1FZ  ,Turkey,1787658188,1787658188,9.905,46.8619,10675.62,False,246.52,126.94,0.0,,11094.72,7554,False,0,2026-08-25 11:43:14.978701
32007c,VOLP523 ,Italy,1787658188,1787658188,11.2374,44.5398,365.76,False,55.77,29.88,-3.9,,411.48,7452,False,0,2026-08-25 11:43:14.978701
896356,ETD918  ,United Arab Emirates,1787658185,1787658187,17.7672,44.1097,10058.4,False,261.14,139.15,0.0,,10568.94,3166,False,0,2026-08-25 11:43:14.978701
4d03c2,NATO01  ,Luxembourg,1787658172,1787658174,16.0992,43.0086,9433.56,False,218.6,156.27,0.0,,9966.96,7574,False,0,2026-08-25 11:43:14.978701
3e4109,DIPVD   ,Germany,1787658188,1787658188,7.5405,43.5417,944.88,False,84.47,317.47,0.0,,1021.08,,False,0,2026-08-25 11:43:14.978701
405455,BAW694  ,United Kingdom,1787658188,1787658188,15.0905,41.8278,11277.6,False,257.1,129.07,0.0,,11864.34,0547,False,0,2026-08-25 11:43:14.978701
4bb0f4,THY5RM  ,Turkey,1787658188,1787658188,11.1831,37.6109,12192.0,False,228.93,242.86,0.0,,12877.8,2334,False,0,2026-08-25 11:43:14.978701
44ce76,BEL3LZ  ,Belgium,1787658188,1787658189,6.7007,46.4234,10363.2,False,196.23,325.14,0.0,,10767.06,1000,False,0,2026-08-25 11:43:14.978701
320038,VOLPE01 ,Italy,1787658188,1787658188,12.6855,41.626,548.64,False,61.96,54.46,2.6,,617.22,,False,0,2026-08-25 11:43:14.978701
320037,DRAGO142,Italy,1787658188,1787658188,13.797,37.8196,1524.0,False,65.63,283.6,0.65,,1706.88,,False,0,2026-08-25 11:43:14.978701
4bb0fa,THY1832 ,Turkey,1787658188,1787658188,13.3592,46.5745,11887.2,False,248.39,121.88,0.0,,12313.92,7552,False,0,2026-08-25 11:43:14.978701
346649,VOE7BL  ,Spain,1787658188,1787658188,18.4973,40.1344,10972.8,False,210.37,294.87,-0.33,,11605.26,,False,0,2026-08-25 11:43:14.978701
0200eb,RAM947B ,Morocco,1787658187,1787658187,8.5955,43.3182,10668.0,False,209.98,223.31,0.0,,11193.78,4027,False,0,2026-08-25 11:43:14.978701
346611,VOE6UR  ,Spain,1787658151,1787658151,16.7274,43.1645,11102.34,False,236.9,28.68,3.58,,11323.32,,False,0,2026-08-25 11:43:14.978701
506e19,PUMA42  ,Slovenia,1787658187,1787658187,15.4803,45.9215,487.68,False,49.97,182.95,-0.98,,571.5,,False,0,2026-08-25 11:43:14.978701
780a19,CPA234  ,China,1787658187,1787658187,16.5327,45.3033,9448.8,False,277.39,88.41,0.0,,9890.76,5244,False,0,2026-08-25 11:43:14.978701
0200ae,RAM571A ,Morocco,1787658188,1787658188,7.6993,39.5863,11277.6,False,213.57,268.48,0.0,,11932.92,,False,0,2026-08-25 11:43:14.978701
4bb214,THY1GP  ,Turkey,1787658188,1787658189,11.9133,45.0672,5394.96,False,177.21,250.14,-9.1,,5661.66,2306,False,0,2026-08-25 11:43:14.978701
0200ca,RAM910T ,Morocco,1787658187,1787658187,12.3954,40.8982,12192.0,False,270.81,87.71,-0.33,,12832.08,1266,False,0,2026-08-25 11:43:14.978701
8963eb,UAE1GP  ,United Arab Emirates,1787658188,1787658188,7.2747,43.6887,312.42,False,69.82,281.48,-4.55,,358.14,2007,False,0,2026-08-25 11:43:14.978701
4bb10b,THY801  ,Turkey,1787658188,1787658188,9.7644,44.7471,11887.2,False,280.87,99.17,0.0,,12344.4,0457,False,0,2026-08-25 11:43:14.978701
489220,ENT773  ,Poland,1787657947,1787657949,18.208,40.6238,7734.3,False,229.09,92.19,-19.83,,8267.7,1423,False,0,2026-08-25 11:43:14.978701
8963e6,UAE4PV  ,United Arab Emirates,1787658188,1787658188,9.7453,44.3952,8351.52,False,191.64,302.84,-7.8,,,6057,False,0,2026-08-25 11:43:14.978701
8963db,UAE17K  ,United Arab Emirates,1787658188,1787658188,14.3923,35.9262,601.98,False,77.85,135.0,-3.25,,716.28,4601,False,0,2026-08-25 11:43:14.978701
3465c9,VOE1641 ,Spain,1787658187,1787658188,17.6179,40.4463,10363.2,False,209.31,292.09,0.0,,10972.8,,False,0,2026-08-25 11:43:14.978701
4b0c1d,HBEPH   ,Switzerland,1787658188,1787658188,8.6613,46.837,2659.38,False,62.16,347.57,-6.18,,2788.92,7000,False,0,2026-08-25 11:43:14.978701
896517,FDB47B  ,United Arab Emirates,1787658183,1787658187,10.3295,40.4268,7955.28,False,241.96,103.15,7.48,,8465.82,,False,0,2026-08-25 11:43:14.978701
896497,MAC486  ,United Arab Emirates,1787658188,1787658188,7.1299,40.88,11277.6,False,211.11,276.16,0.0,,11917.68,4057,False,0,2026-08-25 11:43:14.978701
4d02ba,JFA96W  ,Luxembourg,1787658187,1787658187,6.9527,43.5471,,True,8.23,351.56,,,,7527,False,0,2026-08-25 11:43:14.978701
4d02c6,JFA70V  ,Luxembourg,1787658188,1787658188,7.5569,43.2658,937.26,False,106.99,74.09,0.0,,1013.46,1000,False,0,2026-08-25 11:43:14.978701
896453,UAE3TK  ,United Arab Emirates,1787658188,1787658188,12.3746,42.1981,11887.2,False,245.7,166.81,0.33,,12489.18,1144,False,0,2026-08-25 11:43:14.978701
896423,ROJ023  ,United Arab Emirates,1787658188,1787658188,10.6199,41.9913,11597.64,False,268.23,139.59,4.55,,12207.24,0207,False,0,2026-08-25 11:43:14.978701
4d02e1,JFA75E  ,Luxembourg,1787658184,1787658188,18.1782,39.9542,12344.4,False,164.81,315.89,14.63,,12992.1,,False,0,2026-08-25 11:43:14.978701
738443,AIZ101  ,Israel,1787658187,1787658187,10.3034,44.2256,5905.5,False,205.01,281.14,-19.18,,6233.16,4147,False,0,2026-08-25 11:43:14.978701
738448,AIZ741  ,Israel,1787658188,1787658188,15.6736,44.3681,10980.42,False,210.71,289.54,0.33,,11490.96,4151,False,0,2026-08-25 11:43:14.978701
39c8f4,PVR25A  ,France,1787658188,1787658188,12.7046,45.4415,11277.6,False,199.76,46.36,-0.33,,11750.04,1000,False,0,2026-08-25 11:43:14.978701
3c49d5,EWG5EZ  ,Germany,1787658185,1787658188,16.1424,44.1065,6629.4,False,205.74,347.88,8.45,,7002.78,,False,0,2026-08-25 11:43:14.978701
4bb06f,THY3YL  ,Turkey,1787658188,1787658188,17.2041,37.1766,11277.6,False,242.58,42.08,0.0,,11963.4,3121,False,0,2026-08-25 11:43:14.978701
4bb06d,THY597  ,Turkey,1787658187,1787658188,16.8076,37.2342,10363.2,False,217.41,232.89,0.0,,11018.52,2310,False,0,2026-08-25 11:43:14.978701
3e0f77,GAF681  ,Germany,1787658188,1787658188,7.9892,43.8591,220.98,False,48.57,241.53,-0.33,,266.7,,False,0,2026-08-25 11:43:14.978701
4b1e45,HBLMB   ,Switzerland,1787658187,1787658188,6.9608,46.7051,1211.58,False,67.95,237.99,0.0,,1310.64,7000,False,0,2026-08-25 11:43:14.978701
345041,VLG3ZZ  ,Spain,1787658187,1787658187,14.4144,37.6497,3337.56,False,186.83,125.13,-12.03,,3657.6,0014,False,0,2026-08-25 11:43:14.978701
39a2e3,TVF18NF ,France,1787658188,1787658188,12.919,41.2822,11277.6,False,203.05,293.12,0.0,,11887.2,,False,0,2026-08-25 11:43:14.978701
3008d6,IPVGA   ,Italy,1787658140,1787658143,12.1553,45.6487,274.32,False,37.04,207.28,-2.93,,312.42,4251,False,0,2026-08-25 11:43:14.978701
3009b5,DLA9FF  ,Italy,1787658188,1787658188,11.1307,43.7617,457.2,False,70.32,48.26,-4.23,,518.16,1000,False,0,2026-08-25 11:43:14.978701
48af01,LOT2142 ,Poland,1787658187,1787658187,12.0622,41.9576,2491.74,False,140.35,349.23,13.66,,2636.52,,False,0,2026-08-25 11:43:14.978701
a88ec8,N650XA  ,United States,1787658188,1787658188,18.2101,37.32,12496.8,False,290.36,118.93,0.0,,13190.22,1215,False,0,2026-08-25 11:43:14.978701
4b1bbc,HBKNC   ,Switzerland,1787657948,1787657948,8.9204,46.152,762.0,False,41.42,6.42,-1.63,,822.96,0022,False,0,2026-08-25 11:43:14.978701
44ccc6,BEL8VB  ,Belgium,1787658188,1787658188,7.0843,42.107,10668.0,False,243.44,178.3,0.0,,11239.5,0110,False,0,2026-08-25 11:43:14.978701
44ccca,BEL27A  ,Belgium,1787658188,1787658188,7.1159,41.0987,11277.6,False,244.08,175.53,0.0,,11894.82,0117,False,0,2026-08-25 11:43:14.978701
4d0290,LRQ376F ,Luxembourg,1787658188,1787658188,14.9127,44.441,13106.4,False,219.16,312.72,-1.63,,13655.04,5533,False,0,2026-08-25 11:43:14.978701
40666a,EZY61JA ,United Kingdom,1787658188,1787658188,11.5437,46.4496,11269.98,False,251.13,133.17,0.33,,11711.94,7306,False,0,2026-08-25 11:43:14.978701
4d0280,JFA68B  ,Luxembourg,1787658187,1787658188,9.3129,44.7028,6400.8,False,141.24,165.66,0.0,,6728.46,5772,False,0,2026-08-25 11:43:14.978701
40792e,BAW525  ,United Kingdom,1787658188,1787658188,12.0936,41.8612,10363.2,False,214.47,320.35,0.0,,10949.94,1234,False,0,2026-08-25 11:43:14.978701
4b1c6c,HBKTW   ,Switzerland,1787658180,1787658187,8.1622,44.0103,1859.28,False,71.2,33.8,-0.65,,1981.2,,False,0,2026-08-25 11:43:14.978701
34654b,IBE08BK ,Spain,1787658187,1787658188,7.3249,40.338,10668.0,False,210.34,260.28,0.0,,11277.6,,False,0,2026-08-25 11:43:14.978701
406668,EZY84VL ,United Kingdom,1787658188,1787658188,8.5722,47.0458,11285.22,False,222.31,181.46,0.0,,11689.08,0523,False,0,2026-08-25 11:43:14.978701
345204,VLG91XU ,Spain,1787658188,1787658188,8.2262,44.1106,10675.62,False,197.21,274.79,0.0,,11170.92,1000,False,0,2026-08-25 11:43:14.978701
76cd46,SIA355  ,Singapore,1787658188,1787658188,16.9789,44.4255,11277.6,False,276.48,106.99,-0.33,,11788.14,0446,False,0,2026-08-25 11:43:14.978701
4d00f1,LGL921  ,Luxembourg,1787658183,1787658183,17.8107,42.717,11277.6,False,227.19,142.64,-0.33,,11833.86,3507,False,0,2026-08-25 11:43:14.978701
4b1bc5,HBKNL   ,Switzerland,1787658116,1787658137,8.9374,46.1526,655.32,False,50.28,82.95,0.33,,708.66,,False,0,2026-08-25 11:43:14.978701
3b7768,CTM2040 ,France,1787658181,1787658181,16.6258,41.0892,8839.2,False,226.8,118.89,-2.6,,9372.6,7556,False,0,2026-08-25 11:43:14.978701
4409fc,OEDDD   ,Austria,1787658188,1787658188,15.4394,46.9927,,True,6.43,118.12,,,,7000,False,0,2026-08-25 11:43:14.978701
49d3ce,TIE252J ,Czech Republic,1787658188,1787658188,14.1514,44.9385,2522.22,False,154.06,71.5,18.21,,2659.38,1000,False,0,2026-08-25 11:43:14.978701
3cd43b,HHN306  ,Germany,1787658187,1787658188,13.8505,45.1091,2796.54,False,146.6,107.35,-5.2,,2926.08,1000,False,0,2026-08-25 11:43:14.978701
502dae,SWR3BP  ,Latvia,1787658188,1787658188,15.0599,41.5842,9944.1,False,257.54,109.12,-10.4,,10523.22,1000,False,0,2026-08-25 11:43:14.978701
4ca566,RYR94VL ,Ireland,1787658177,1787658187,13.4858,45.8266,,True,0.0,0.0,,,,0265,False,0,2026-08-25 11:43:14.978701
4ca569,RYR66WD ,Ireland,1787658188,1787658188,14.2103,44.3905,11582.4,False,189.95,247.05,0.0,,12077.7,6020,False,0,2026-08-25 11:43:14.978701
49d57b,AAO58   ,Czech Republic,1787658188,1787658188,7.2352,43.4984,2834.64,False,93.53,52.37,9.43,,3009.9,,False,0,2026-08-25 11:43:14.978701
4ca56b,RYR943K ,Ireland,1787658177,1787658185,16.1028,43.4343,11277.6,False,242.05,152.67,0.0,,11811.0,0452,False,0,2026-08-25 11:43:14.978701
4ca56a,RYR81BC ,Ireland,1787658188,1787658188,11.8246,43.8522,4907.28,False,187.93,350.23,-14.31,,5158.74,7030,False,0,2026-08-25 11:43:14.978701
34134d,IBE06MP ,Spain,1787658187,1787658188,7.5409,40.8133,10355.58,False,260.89,74.21,0.0,,10927.08,1000,False,0,2026-08-25 11:43:14.978701
4ba9cf,THY1KQ  ,Turkey,1787658188,1787658188,13.035,40.9826,10668.0,False,262.71,87.08,0.0,,11292.84,1210,False,0,2026-08-25 11:43:14.978701
a9e5a9,N737GG  ,United States,1787658184,1787658184,17.5605,42.5992,11635.74,False,221.54,314.53,5.85,,12153.9,7730,False,0,2026-08-25 11:43:14.978701
781642,CCA950  ,China,1787658183,1787658188,8.72,45.6206,,True,0.51,168.75,,,,,False,0,2026-08-25 11:43:14.978701
502d5c,SWR8WA  ,Latvia,1787658188,1787658188,7.7199,43.6345,2895.6,False,152.65,109.9,-5.2,,3078.48,1000,False,0,2026-08-25 11:43:14.978701
3cc006,IJM45G  ,Germany,1787658187,1787658188,16.8278,39.1233,13716.0,False,247.03,122.5,0.0,,14417.04,1217,False,0,2026-08-25 11:43:14.978701
49d2ee,TVQ6463 ,Czech Republic,1787658188,1787658188,13.2621,39.9578,10972.8,False,238.72,24.58,0.0,,11612.88,6154,False,0,2026-08-25 11:43:14.978701
48520c,TRA71K  ,Kingdom of the Netherlands,1787658187,1787658188,13.4659,45.8279,22.86,False,52.99,90.0,-0.33,,60.96,3157,False,0,2026-08-25 11:43:14.978701
4b8de8,CAI5023 ,Turkey,1787658187,1787658188,18.1824,45.0183,12496.8,False,239.94,126.89,0.0,,13030.2,0115,False,0,2026-08-25 11:43:14.978701
06a2ff,QTR76F  ,Qatar,1787657928,1787657934,11.1786,36.6801,5875.02,False,189.44,282.87,-13.0,,6355.08,2006,False,0,2026-08-25 11:43:14.978701
06a2fd,QTR145  ,Qatar,1787658188,1787658188,8.7814,40.5639,11574.78,False,226.33,300.0,0.33,,12237.72,0213,False,0,2026-08-25 11:43:14.978701
3cc04e,ADN57B  ,Germany,1787658188,1787658188,12.9945,46.8129,7665.72,False,242.38,136.72,-8.13,,8016.24,6026,False,0,2026-08-25 11:43:14.978701
49d423,TVS1DE  ,Czech Republic,1787658184,1787658187,17.2015,43.9372,5006.34,False,185.51,155.07,-5.85,,5295.9,1000,False,0,2026-08-25 11:43:14.978701
502cc7,ASL53X  ,Latvia,1787658188,1787658188,14.0051,41.9978,10675.62,False,211.66,233.8,0.0,,11247.12,1331,False,0,2026-08-25 11:43:14.978701
39ae32,BEJ17S  ,France,1787658187,1787658188,11.8007,40.7782,10972.8,False,256.71,90.0,0.0,,11590.02,,False,0,2026-08-25 11:43:14.978701
405d11,EZY39HL ,United Kingdom,1787658187,1787658188,8.4734,45.7264,6484.62,False,196.84,288.43,11.05,,6774.18,0472,False,0,2026-08-25 11:43:14.978701
040101,ETH719  ,Ethiopia,1787658120,1787658124,18.3419,42.1356,11879.58,False,256.63,139.8,-0.33,,12481.56,2710,False,0,2026-08-25 11:43:14.978701
502d7a,SWR56Z  ,Latvia,1787658187,1787658188,9.8212,44.0806,10668.0,False,242.46,158.33,0.0,,11178.54,1000,False,0,2026-08-25 11:43:14.978701
4ba9d3,THY4GH  ,Turkey,1787657872,1787658177,17.3746,42.8036,11582.4,False,214.62,256.7,-0.33,,12153.9,7232,False,0,2026-08-25 11:43:14.978701
4b32fd,RGA03   ,Switzerland,1787658183,1787658183,7.5045,46.9094,,True,0.0,42.19,,,,,False,0,2026-08-25 11:43:14.978701
4ca2c0,RYR9XH  ,Ireland,1787658188,1787658188,12.0021,42.1236,10972.8,False,208.1,318.51,-0.33,,11551.92,2666,False,0,2026-08-25 11:43:14.978701
4b3301,RGA04   ,Switzerland,1787658043,1787658045,6.7493,46.7573,662.94,False,19.1,94.64,0.65,,739.14,,False,0,2026-08-25 11:43:14.978701
3938b7,DSO25FX ,France,1787658028,1787658028,13.2168,38.218,472.44,False,82.55,247.27,-3.9,,556.26,,False,0,2026-08-25 11:43:14.978701
49d353,TVS80J  ,Czech Republic,1787658188,1787658188,11.4029,46.6961,13716.0,False,203.36,318.49,0.0,,14180.82,7742,False,0,2026-08-25 11:43:14.978701
440824,AUA52UE ,Austria,1787658187,1787658188,10.1475,46.0539,8206.74,False,179.98,239.04,-4.88,,8587.74,1000,False,0,2026-08-25 11:43:14.978701
440821,AUA34X  ,Austria,1787658188,1787658188,10.7365,46.2042,10576.56,False,250.19,68.02,-2.6,,11018.52,1000,False,0,2026-08-25 11:43:14.978701
44081f,AUA10B  ,Austria,1787658188,1787658188,14.9599,46.7606,2834.64,False,129.76,230.63,-7.8,,2979.42,1000,False,0,2026-08-25 11:43:14.978701
48e9f4,RYR6PA  ,Poland,1787658188,1787658188,14.6064,41.4288,10317.48,False,256.0,96.93,7.48,,10904.22,,False,0,2026-08-25 11:43:14.978701
48e9f0,RYR44MW ,Poland,1787658187,1787658188,13.8528,46.0388,11277.6,False,222.97,177.49,0.65,,11719.56,1000,False,0,2026-08-25 11:43:14.978701
4b44a1,HBZZT   ,Switzerland,1787658188,1787658188,8.7737,46.1134,388.62,False,22.41,9.25,0.0,,434.34,,False,0,2026-08-25 11:43:14.978701
50807b,MSI6538 ,Ukraine,1787658183,1787658183,10.3708,40.8021,6096.0,False,161.66,84.89,0.0,,6492.24,,False,0,2026-08-25 11:43:14.978701
34250a,IBE06ZA ,Spain,1787658187,1787658188,9.4709,44.638,10050.78,False,198.36,250.3,-0.33,,10507.98,1000,False,0,2026-08-25 11:43:14.978701
4408de,AUA432  ,Austria,1787658189,1787658189,15.7047,46.8831,8641.08,False,260.78,24.85,-7.48,,9037.32,1000,False,0,2026-08-25 11:43:14.978701
4408ff,BCS516  ,Austria,1787658076,1787658109,17.7253,41.9564,10668.0,False,257.11,146.34,0.0,,11201.4,5550,False,0,2026-08-25 11:43:14.978701
4b9ece,TCGVN   ,Turkey,1787658188,1787658188,14.472,39.7813,10363.2,False,207.76,256.69,0.0,,11041.38,2335,False,0,2026-08-25 11:43:14.978701
31d7a2,ECHO6   ,Italy,1787658058,1787658058,8.7289,45.6239,,True,16.98,348.75,,,,,False,0,2026-08-25 11:43:14.978701
406caa,EXS19AQ ,United Kingdom,1787658187,1787658188,10.0993,40.6776,11582.4,False,209.24,316.49,0.0,,12222.48,,False,0,2026-08-25 11:43:14.978701
4ca214,EIN4GV  ,Ireland,1787658187,1787658187,16.2828,43.7902,10972.8,False,220.48,329.43,-0.33,,11521.44,5536,False,0,2026-08-25 11:43:14.978701
4ca281,EIN477  ,Ireland,1787658188,1787658188,15.8497,43.7483,10957.56,False,209.91,314.3,2.6,,11490.96,5614,False,0,2026-08-25 11:43:14.978701
4ca27b,RYR38EN ,Ireland,1787658187,1787658188,12.0448,44.2207,3398.52,False,168.72,302.04,-15.61,,3581.4,2052,False,0,2026-08-25 11:43:14.978701
4ca27a,RYR69WR ,Ireland,1787658186,1787658188,18.1163,44.2344,11887.2,False,248.16,136.34,0.65,,12428.22,0114,False,0,2026-08-25 11:43:14.978701
4ca264,RYR1VY  ,Ireland,1787657979,1787657979,11.309,44.5282,114.3,False,75.23,296.39,-4.55,,152.4,1000,False,0,2026-08-25 11:43:14.978701
4ca263,RYR3UR  ,Ireland,1787658188,1787658188,12.6977,40.5237,10363.2,False,223.22,356.3,0.0,,10972.8,,False,0,2026-08-25 11:43:14.978701
4ca25b,RYR41ZK ,Ireland,1787658188,1787658188,8.7586,45.5002,899.16,False,92.03,349.7,-4.23,,967.74,1000,False,0,2026-08-25 11:43:14.978701
406b84,EFW12LS ,United Kingdom,1787658188,1787658188,14.0084,36.2251,4914.9,False,200.95,327.65,9.1,,5356.86,6563,False,0,2026-08-25 11:43:14.978701
468e45,SEH2TL  ,Greece,1787658188,1787658188,13.5622,40.5464,10668.0,False,246.85,111.65,0.0,,11308.08,,False,0,2026-08-25 11:43:14.978701
407e82,RUK65MT ,United Kingdom,1787658188,1787658188,10.9201,46.9504,11887.2,False,240.65,144.75,0.33,,12306.3,3445,False,0,2026-08-25 11:43:14.978701
39ceb5,TVF38ZQ ,France,1787658188,1787658188,10.9283,44.143,11582.4,False,201.18,308.98,0.0,,12092.94,2011,False,0,2026-08-25 11:43:14.978701
3420ca,IBE09KW ,Spain,1787658188,1787658188,11.7422,44.7694,10988.04,False,261.33,74.71,0.0,,11468.1,1000,False,0,2026-08-25 11:43:14.978701
39cea4,TVF70VW ,France,1787658187,1787658188,9.9343,44.6312,11582.4,False,201.47,303.65,0.0,,12070.08,2054,False,0,2026-08-25 11:43:14.978701
39cea5,TVF91HS ,France,1787658188,1787658188,9.0063,42.8652,12192.0,False,190.95,282.76,0.0,,12755.88,5511,False,0,2026-08-25 11:43:14.978701
3d6fb7,DFOOD   ,Germany,1787658188,1787658188,8.8108,46.6526,5250.18,False,147.11,190.68,-6.18,,5494.02,6674,False,0,2026-08-25 11:43:14.978701
440668,AUA729  ,Austria,1787658188,1787658188,17.7592,44.3776,3962.4,False,135.84,161.22,-0.65,,4206.24,1000,False,0,2026-08-25 11:43:14.978701
440665,AUA447  ,Austria,1787658188,1787658188,6.9688,42.3166,10668.0,False,213.9,224.61,0.0,,11247.12,1000,False,0,2026-08-25 11:43:14.978701
44065b,AUA42CQ ,Austria,1787658188,1787658188,8.8651,43.3259,10980.42,False,258.66,39.67,0.0,,11521.44,1000,False,0,2026-08-25 11:43:14.978701
4b443a,HBZVU   ,Switzerland,1787658188,1787658188,7.5927,46.5698,1783.08,False,23.43,278.84,5.53,,1897.38,,False,0,2026-08-25 11:43:14.978701
440612,EJU38EF ,Austria,1787658187,1787658187,8.7267,45.6358,,True,9.26,168.75,,,,,False,0,2026-08-25 11:43:14.978701
4b4438,HBZVS   ,Switzerland,1787658044,1787658044,7.6682,45.9832,4297.68,False,68.37,103.93,-8.78,,4488.18,,False,0,2026-08-25 11:43:14.978701
440631,EJU95ZU ,Austria,1787658188,1787658188,11.2919,44.5725,11590.02,False,223.28,359.47,0.33,,12062.46,1000,False,0,2026-08-25 11:43:14.978701
a8b760,UAL386  ,United States,1787658188,1787658188,7.3243,40.9192,9235.44,False,227.11,274.68,7.15,,9784.08,,False,0,2026-08-25 11:43:14.978701
48c1a6,RYR9YU  ,Poland,1787658188,1787658188,13.0249,43.5012,9753.6,False,254.4,35.62,0.65,,10256.52,1000,False,0,2026-08-25 11:43:14.978701
39cf06,AFR935A ,France,1787658188,1787658188,6.8206,46.0824,12192.0,False,235.0,314.47,0.0,,12641.58,1000,False,0,2026-08-25 11:43:14.978701
49d13f,TVL5362 ,Czech Republic,1787658188,1787658188,11.4726,36.7271,5631.18,False,221.23,203.29,-13.66,,6111.24,1145,False,0,2026-08-25 11:43:14.978701
adb41e,N982RW  ,United States,1787658188,1787658188,14.1074,46.127,13106.4,False,236.71,284.73,0.65,,13555.98,4675,False,0,2026-08-25 11:43:14.978701
392651,FGJSR   ,France,1787658172,1787658178,7.2125,43.6512,,True,0.0,267.19,,,,,False,0,2026-08-25 11:43:14.978701
407f38,EXS2NR  ,United Kingdom,1787658188,1787658188,9.2869,44.3851,11582.4,False,206.68,316.41,0.0,,12085.32,0211,False,0,2026-08-25 11:43:14.978701
407f96,TOM92W  ,United Kingdom,1787658187,1787658187,17.4536,43.2653,10972.8,False,237.83,339.49,0.33,,11513.82,7211,False,0,2026-08-25 11:43:14.978701
3fec6f,DMYGX   ,Germany,1787658187,1787658187,8.9463,44.6612,2590.8,False,58.89,72.2,0.33,,2766.06,1452,False,0,2026-08-25 11:43:14.978701
adfd6d,MEDX528 ,United States,1787658188,1787658188,14.8899,37.4324,3048.0,False,95.34,299.05,-0.33,,3360.42,,False,0,2026-08-25 11:43:14.978701
407f61,EZY59ZF ,United Kingdom,1787658188,1787658188,14.2617,44.5346,11269.98,False,253.04,101.49,0.33,,11780.52,3453,False,0,2026-08-25 11:43:14.978701
407f62,EZY21VA ,United Kingdom,1787658188,1787658188,11.0393,46.4025,10980.42,False,209.72,307.83,0.33,,11414.76,0252,False,0,2026-08-25 11:43:14.978701
48c2af,RYR2MJ  ,Poland,1787658188,1787658188,11.8413,46.5292,7444.74,False,191.41,230.23,-5.53,,7787.64,5563,False,0,2026-08-25 11:43:14.978701
4b435d,HBZNH   ,Switzerland,1787658188,1787658188,7.4937,46.7134,1531.62,False,2.3,206.57,0.98,,1638.3,,False,0,2026-08-25 11:43:14.978701
4b4365,HBZNP   ,Switzerland,1787658187,1787658188,8.4922,46.9478,1242.06,False,2.12,104.04,3.9,,1318.26,,False,0,2026-08-25 11:43:14.978701
48c2a6,RYR9FC  ,Poland,1787658188,1787658188,8.1457,43.8059,10972.8,False,268.81,72.74,0.33,,11498.58,1000,False,0,2026-08-25 11:43:14.978701
48c2a5,RYR89TK ,Poland,1787658188,1787658188,9.6079,45.9913,8839.2,False,203.8,247.12,0.0,,9227.82,1000,False,0,2026-08-25 11:43:14.978701
4b3041,HBSHD   ,Switzerland,1787658188,1787658188,7.9126,45.2246,929.64,False,42.19,270.7,0.0,,990.6,1000,False,0,2026-08-25 11:43:14.978701
4b3042,HBSHE   ,Switzerland,1787658188,1787658188,8.6093,44.3673,472.44,False,49.4,54.32,-0.33,,510.54,,False,0,2026-08-25 11:43:14.978701
4b439f,HBZPV   ,Switzerland,1787658187,1787658187,7.8241,46.5436,2834.64,False,59.38,48.16,-1.95,,2971.8,,False,0,2026-08-25 11:43:14.978701
48c139,RYR6VR  ,Poland,1787658184,1787658187,16.1865,43.5463,11582.4,False,234.27,7.95,0.0,,12123.42,1000,False,0,2026-08-25 11:43:14.978701
48c135,RYR8LC  ,Poland,1787658185,1787658185,17.4841,42.7522,9570.72,False,217.63,191.87,-12.35,,10340.34,1000,False,0,2026-08-25 11:43:14.978701
48c133,RYR4U   ,Poland,1787658188,1787658188,15.1907,39.8342,10972.8,False,234.92,8.18,0.0,,11612.88,1000,False,0,2026-08-25 11:43:14.978701
789232,CPA260  ,China,1787658188,1787658188,15.5792,46.8683,10668.0,False,269.82,100.32,0.0,,11087.1,2203,False,0,2026-08-25 11:43:14.978701
440488,EJU7062 ,Austria,1787657911,1787657913,9.8031,36.82,10965.18,False,208.92,271.27,-0.33,,11658.6,6625,False,0,2026-08-25 11:43:14.978701
3444c9,VLG81AR ,Spain,1787658187,1787658187,6.849,40.9221,10668.0,False,203.54,275.22,0.0,,11285.22,1000,False,0,2026-08-25 11:43:14.978701
06a1d2,QQE325  ,Qatar,1787658188,1787658188,10.1765,43.4162,1577.34,False,126.89,4.18,-4.55,,1691.64,1416,False,0,2026-08-25 11:43:14.978701
342091,IBE08RW ,Spain,1787658188,1787658188,12.4533,44.9549,10965.18,False,248.32,66.3,0.33,,11414.76,1000,False,0,2026-08-25 11:43:14.978701
440425,EJU54XT ,Austria,1787658187,1787658188,9.5582,44.4086,6926.58,False,187.82,310.89,-10.4,,7299.96,5512,False,0,2026-08-25 11:43:14.978701
a28a55,N263CA  ,United States,1787658188,1787658188,14.6044,45.8751,2918.46,False,106.99,207.18,-3.25,,3055.62,1000,False,0,2026-08-25 11:43:14.978701
4bb84f,PGT5XE  ,Turkey,1787658188,1787658188,15.5409,46.1172,10355.58,False,221.37,312.55,0.0,,10782.3,2672,False,0,2026-08-25 11:43:14.978701
46a5e3,SEH7EL  ,Greece,1787658188,1787658188,12.367,46.8101,10302.24,False,231.58,157.54,1.95,,10713.72,6527,False,0,2026-08-25 11:43:14.978701
4402f1,EJU69QK ,Austria,1787658184,1787658185,10.5901,40.8054,4427.22,False,152.03,290.4,-7.15,,4762.5,,False,0,2026-08-25 11:43:14.978701
3cf3a9,PVD472C ,Germany,1787658188,1787658188,7.2094,43.6564,,True,7.46,289.69,,,,6360,False,0,2026-08-25 11:43:14.978701
4402ac,EJU573R ,Austria,1787658187,1787658188,11.479,41.6819,11894.82,False,251.83,161.79,-0.33,,12512.04,1000,False,0,2026-08-25 11:43:14.978701
504e87,FIA5215 ,Republic of Moldova,1787658187,1787658187,18.323,46.1141,10972.8,False,202.05,254.8,0.33,,11452.86,1000,False,0,2026-08-25 11:43:14.978701
504e81,TVS7BG  ,Republic of Moldova,1787658174,1787658181,17.9632,43.006,10668.0,False,221.93,170.93,0.0,,11231.88,6024,False,0,2026-08-25 11:43:14.978701
46b8b6,AEE707  ,Greece,1787658187,1787658187,8.4615,40.5218,10972.8,False,250.04,100.43,0.0,,11612.88,1262,False,0,2026-08-25 11:43:14.978701
406a63,EXS8LB  ,United Kingdom,1787658187,1787658188,17.0541,44.6359,10972.8,False,219.86,317.09,0.0,,11490.96,5441,False,0,2026-08-25 11:43:14.978701
06a10e,QTR92Q  ,Qatar,1787658180,1787658186,15.1539,43.5318,10972.8,False,221.23,276.81,-0.33,,11490.96,2346,False,0,2026-08-25 11:43:14.978701
48c238,RYR40NP ,Poland,1787658187,1787658188,9.9069,45.6305,1013.46,False,91.59,284.97,-4.55,,1089.66,1000,False,0,2026-08-25 11:43:14.978701
48c231,RYR79WD ,Poland,1787658188,1787658188,10.1457,45.2221,7086.6,False,218.8,112.83,11.7,,7414.26,0451,False,0,2026-08-25 11:43:14.978701
48c228,RYR31CG ,Poland,1787658188,1787658188,9.5844,46.9783,11277.6,False,243.7,123.72,-0.33,,11689.08,7557,False,0,2026-08-25 11:43:14.978701
48c221,RYR8AG  ,Poland,1787658188,1787658188,11.8636,46.6384,11277.6,False,212.48,240.08,0.0,,11704.32,1000,False,0,2026-08-25 11:43:14.978701
407d4c,TOM5EX  ,United Kingdom,1787658188,1787658188,18.5422,42.8653,10972.8,False,228.78,329.46,-0.33,,11551.92,,False,0,2026-08-25 11:43:14.978701
06a102,QTR97L  ,Qatar,1787658188,1787658188,10.3882,43.459,10622.28,False,236.14,326.55,-8.13,,11140.44,2036,False,0,2026-08-25 11:43:14.978701
06a0b9,QTR42U  ,Qatar,1787658152,1787658152,17.9221,35.6167,11887.2,False,281.7,101.8,0.0,,12633.96,4114,False,0,2026-08-25 11:43:14.978701
06a0b8,QTR65G  ,Qatar,1787658187,1787658187,16.3779,46.4657,9144.0,False,252.16,341.2,0.0,,9555.48,2367,False,0,2026-08-25 11:43:14.978701
06a0fe,QTR099  ,Qatar,1787658188,1787658188,8.5302,45.4689,10934.7,False,217.23,291.83,-5.53,,11369.04,2035,False,0,2026-08-25 11:43:14.978701
06a0fa,QTR63K  ,Qatar,1787658188,1787658188,9.7289,42.9692,9677.4,False,204.99,287.98,-5.2,,10195.56,3217,False,0,2026-08-25 11:43:14.978701
4a2184,AEZ112X ,Romania,1787658141,1787658188,9.8847,39.2052,4351.02,False,110.64,252.41,-8.45,,4693.92,,False,0,2026-08-25 11:43:14.978701
4a2185,AEZ965S ,Romania,1787658188,1787658188,9.5444,44.7204,3520.44,False,169.2,341.01,-9.43,,3695.7,7033,False,0,2026-08-25 11:43:14.978701
5004e2,MEA244  ,San Marino,1787658188,1787658188,17.6318,38.8421,10660.38,False,259.49,106.35,0.0,,11323.32,1236,False,0,2026-08-25 11:43:14.978701
5004e6,T7ESJ   ,San Marino,1787658188,1787658188,12.4292,43.3283,10363.2,False,209.94,309.03,0.0,,10904.22,1000,False,0,2026-08-25 11:43:14.978701
39bb23,AFR1285 ,France,1787658188,1787658188,10.7768,37.435,6240.78,False,176.57,6.52,16.58,,6728.46,6175,False,0,2026-08-25 11:43:14.978701
a6fe23,N55LY   ,United States,1787658188,1787658188,7.7265,43.1304,9144.0,False,138.99,332.2,0.0,,9624.06,5174,False,0,2026-08-25 11:43:14.978701
4b181c,SWR82P  ,Switzerland,1787658188,1787658188,15.0817,43.2307,11894.82,False,234.69,152.59,0.65,,12443.46,3040,False,0,2026-08-25 11:43:14.978701
3c6663,DLH3RK  ,Germany,1787658188,1787658188,11.7739,40.1043,10370.82,False,226.04,338.93,0.0,,10980.42,6571,False,0,2026-08-25 11:43:14.978701
7101e2,SVA7174 ,Saudi Arabia,1787658188,1787658188,7.2117,43.6616,,True,6.17,45.0,,,,5507,False,0,2026-08-25 11:43:14.978701
0a00c3,DAH3181 ,Algeria,1787658188,1787658188,18.4995,39.2057,12192.0,False,217.06,257.54,0.0,,12847.32,2326,False,0,2026-08-25 11:43:14.978701
3c6674,DLH1HE  ,Germany,1787658188,1787658188,12.0846,45.3667,1112.52,False,120.41,97.61,-2.6,,1173.48,1000,False,0,2026-08-25 11:43:14.978701
4b187a,SWR146  ,Switzerland,1787658188,1787658188,15.8825,46.7823,11856.72,False,260.91,99.65,3.58,,12306.3,3025,False,0,2026-08-25 11:43:14.978701
3c65cf,DLH1ME  ,Germany,1787658188,1787658188,15.746,45.9865,4914.9,False,193.89,335.88,5.53,,5143.5,1000,False,0,2026-08-25 11:43:14.978701
716ff9,SVA175  ,Saudi Arabia,1787658182,1787658187,17.7514,43.9713,10355.58,False,221.72,317.35,0.33,,10888.98,2047,False,0,2026-08-25 11:43:14.978701
3b7b8a,DRAGO06 ,France,1787658186,1787658186,6.9698,43.5553,182.88,False,44.38,225.0,-5.2,,228.6,,False,0,2026-08-25 11:43:14.978701
4a09b2,AEZ2389 ,Romania,1787658174,1787658188,13.2122,39.0526,9144.0,False,204.94,272.45,0.0,,9761.22,,False,0,2026-08-25 11:43:14.978701
3c6748,DLH44T  ,Germany,1787658188,1787658188,7.7245,43.3994,944.88,False,86.27,317.17,-0.65,,1028.7,1000,False,0,2026-08-25 11:43:14.978701
408067,EXS240  ,United Kingdom,1787658188,1787658188,12.468,38.9559,10972.8,False,221.57,341.73,0.0,,11643.36,6567,False,0,2026-08-25 11:43:14.978701
408052,EZY73DH ,United Kingdom,1787658188,1787658188,11.4554,41.5976,11277.6,False,256.44,125.86,0.0,,11879.58,2714,False,0,2026-08-25 11:43:14.978701
3c6715,DLH714  ,Germany,1787658188,1787658188,18.5608,46.9638,11277.6,False,267.7,110.94,0.0,,11734.8,6414,False,0,2026-08-25 11:43:14.978701
02a1a5,LBT739  ,Tunisia,1787658103,1787658103,10.2688,37.0047,762.0,False,94.25,192.29,-4.88,,891.54,7633,False,0,2026-08-25 11:43:14.978701
02a1a6,LBT554  ,Tunisia,1787658188,1787658188,9.2832,43.748,10370.82,False,214.31,326.65,-0.33,,10881.36,6162,False,0,2026-08-25 11:43:14.978701
02a1a3,LBT378  ,Tunisia,1787658188,1787658188,8.2213,42.2408,10957.56,False,216.51,336.18,0.0,,11536.68,1000,False,0,2026-08-25 11:43:14.978701
02a1a1,LBT214  ,Tunisia,1787658187,1787658187,8.9705,43.5824,10965.18,False,228.11,2.46,0.33,,11498.58,1000,False,0,2026-08-25 11:43:14.978701
02a1a7,LBT249  ,Tunisia,1787658188,1787658188,12.0187,43.0478,11277.6,False,217.73,201.05,0.0,,11841.48,1130,False,0,2026-08-25 11:43:14.978701
39e68a,AFR83KB ,France,1787658188,1787658188,8.6627,44.9311,9776.46,False,256.68,121.81,-5.2,,10226.04,1000,False,0,2026-08-25 11:43:14.978701
3c787a,CFG1PC  ,Germany,1787658187,1787658188,13.0946,45.2891,11582.4,False,204.02,287.61,-0.65,,12070.08,7737,False,0,2026-08-25 11:43:14.978701
40825f,EXS92SG ,United Kingdom,1787658188,1787658188,16.4053,43.6053,10972.8,False,214.83,312.48,0.33,,11521.44,7236,False,0,2026-08-25 11:43:14.978701
4a2aac,DNA405  ,Romania,1787658188,1787658188,7.6442,45.1132,739.14,False,85.45,2.07,-3.25,,800.1,1000,False,0,2026-08-25 11:43:14.978701
39e692,AFR42XW ,France,1787658188,1787658188,9.7704,44.5924,8854.44,False,191.91,305.95,7.15,,9281.16,1000,False,0,2026-08-25 11:43:14.978701
3c656e,DLH594  ,Germany,1787658055,1787658055,10.2618,35.9639,11277.6,False,244.26,187.26,0.0,,11986.26,2560,False,0,2026-08-25 11:43:14.978701
39e699,AFR15CJ ,France,1787658187,1787658188,14.3359,46.4072,8001.0,False,222.78,300.53,4.23,,8343.9,1000,False,0,2026-08-25 11:43:14.978701
0a004a,DAH3024 ,Algeria,1787658188,1787658188,11.6882,37.2574,10668.0,False,249.81,68.24,0.0,,11346.18,1270,False,0,2026-08-25 11:43:14.978701
3c64a1,DLH87A  ,Germany,1787658188,1787658188,8.6893,45.105,10675.62,False,209.29,218.81,0.0,,11125.2,1000,False,0,2026-08-25 11:43:14.978701
3c64a3,DLH1745 ,Germany,1787658188,1787658188,11.1817,43.0723,10363.2,False,233.91,3.15,-0.33,,10904.22,6152,False,0,2026-08-25 11:43:14.978701
3c64a9,DLH98J  ,Germany,1787658187,1787658188,6.6258,46.6895,10668.0,False,207.65,235.09,-0.33,,11087.1,0615,False,0,2026-08-25 11:43:14.978701
3c64a8,DLH1713 ,Germany,1787658167,1787658184,16.9503,42.8222,10370.82,False,226.3,329.24,0.0,,10927.08,,False,0,2026-08-25 11:43:14.978701
3c64aa,DLH8EJ  ,Germany,1787658187,1787658188,16.2365,46.3524,10355.58,False,219.49,304.88,0.0,,10789.92,2044,False,0,2026-08-25 11:43:14.978701
4080f6,EZY72UC ,United Kingdom,1787658188,1787658188,16.8358,44.7681,10980.42,False,204.45,300.05,0.33,,11475.72,7223,False,0,2026-08-25 11:43:14.978701
710414,SVA207  ,Saudi Arabia,1787658188,1787658188,14.7853,41.0173,10561.32,False,205.69,291.11,-4.88,,11186.16,6141,True,0,2026-08-25 11:43:14.978701
4080a4,EXS66RP ,United Kingdom,1787658188,1787658188,13.5792,41.3016,6492.24,False,188.8,302.65,11.05,,6888.48,,False,0,2026-08-25 11:43:14.978701
39d1a8,FHUNI   ,France,1787658187,1787658187,8.649,41.8551,1584.96,False,53.03,337.17,4.23,,1729.74,,False,0,2026-08-25 11:43:14.978701
49410b,NJE665C ,Portugal,1787658188,1787658188,13.8938,42.5129,13716.0,False,181.19,298.68,0.0,,14295.12,2663,False,0,2026-08-25 11:43:14.978701
4080df,EXS7YE  ,United Kingdom,1787658188,1787658188,15.4581,46.1951,10980.42,False,225.2,321.59,0.0,,11437.62,5506,False,0,2026-08-25 11:43:14.978701
4080e1,BAW658  ,United Kingdom,1787658188,1787658188,8.0487,44.7388,11285.22,False,256.68,121.81,0.0,,11772.9,0515,False,0,2026-08-25 11:43:14.978701
4080e2,EXS1434 ,United Kingdom,1787658180,1787658180,18.3034,43.2318,10972.8,False,225.17,328.45,0.33,,11529.06,,False,0,2026-08-25 11:43:14.978701
0a0021,DAH2024 ,Algeria,1787658187,1787658188,12.2012,41.8752,373.38,False,85.3,163.53,-4.23,,434.34,1000,False,0,2026-08-25 11:43:14.978701
494105,NJE4EB  ,Portugal,1787658183,1787658183,8.9015,45.9857,403.86,False,59.38,19.22,-4.88,,464.82,1000,False,0,2026-08-25 11:43:14.978701
4a08ed,ROT402D ,Romania,1787658188,1787658188,12.849,43.2714,12496.8,False,251.2,65.69,0.0,,13045.44,1245,False,0,2026-08-25 11:43:14.978701
3c7981,CFG030  ,Germany,1787658186,1787658186,18.5528,43.3859,10058.4,False,242.89,147.45,0.0,,10607.04,2577,False,0,2026-08-25 11:43:14.978701
44b438,TFL3GL  ,Belgium,1787658188,1787658188,14.1369,46.3161,11887.2,False,237.97,136.4,0.0,,12336.78,3165,False,0,2026-08-25 11:43:14.978701
3c648a,DLH7XP  ,Germany,1787658188,1787658188,11.8228,43.4447,9014.46,False,224.52,186.05,-12.35,,9494.52,1000,False,0,2026-08-25 11:43:14.978701
440c8e,AUA61HK ,Austria,1787658188,1787658188,16.6048,46.3342,9547.86,False,214.42,203.92,5.53,,9966.96,1000,False,0,2026-08-25 11:43:14.978701
440c8d,AUA745  ,Austria,1787658187,1787658188,18.4404,44.6033,11887.2,False,229.89,167.33,-0.33,,12435.84,5165,False,0,2026-08-25 11:43:14.978701
440c6f,EJU79UW ,Austria,1787658188,1787658188,12.4823,45.4547,10683.24,False,254.32,133.93,0.0,,11148.06,0237,False,0,2026-08-25 11:43:14.978701
4b1698,SWR98F  ,Switzerland,1787658187,1787658188,15.787,45.5416,10957.56,False,210.34,308.94,0.0,,11422.38,6011,False,0,2026-08-25 11:43:14.978701
3e3add,DINMJ   ,Germany,1787658187,1787658188,15.531,43.6961,10058.4,False,158.45,126.68,0.0,,10568.94,4372,False,0,2026-08-25 11:43:14.978701
4b1691,SWR5YV  ,Switzerland,1787658187,1787658188,17.9019,46.5409,11292.84,False,248.9,101.57,0.0,,11765.28,1000,False,0,2026-08-25 11:43:14.978701
4b1693,SWR5AM  ,Switzerland,1787658186,1787658186,15.5549,43.2006,10668.0,False,247.56,120.88,0.0,,11201.4,1000,False,0,2026-08-25 11:43:14.978701
48449a,P4A8K   ,Kingdom of the Netherlands,1787658188,1787658188,15.2985,46.8765,13716.0,False,268.26,124.45,-0.65,,14203.68,4736,False,0,2026-08-25 11:43:14.978701
440c33,EJU7678 ,Austria,1787658187,1787658187,8.1181,40.9006,11269.98,False,204.9,274.61,0.0,,11902.44,,False,0,2026-08-25 11:43:14.978701
440c35,EJU94GH ,Austria,1787658187,1787658188,11.4844,46.0495,11582.4,False,228.61,355.48,0.0,,12024.36,6562,False,0,2026-08-25 11:43:14.978701
4246b7,AHY074  ,United Kingdom,1787658188,1787658188,16.0306,46.8761,11285.22,False,251.73,96.69,0.0,,11727.18,7551,False,0,2026-08-25 11:43:14.978701
4b028d,SWR4PC  ,Switzerland,1787658188,1787658188,14.1217,46.185,10668.0,False,242.84,123.86,-0.33,,11102.34,1000,False,0,2026-08-25 11:43:14.978701
4b0295,SWR11P  ,Switzerland,1787658188,1787658188,9.103,45.608,8839.2,False,250.08,147.94,-0.33,,9212.58,1000,False,0,2026-08-25 11:43:14.978701
3991e4,AFR45JD ,France,1787658188,1787658188,18.3645,40.2524,11879.58,False,233.31,152.7,0.0,,12512.04,0243,False,0,2026-08-25 11:43:14.978701
3c6525,LHX9932 ,Germany,1787658188,1787658188,18.2172,46.6999,11887.2,False,212.04,147.08,0.0,,12344.4,7626,False,0,2026-08-25 11:43:14.978701
3c6522,LHX6NE  ,Germany,1787658188,1787658188,11.7088,44.9918,11574.78,False,240.16,19.52,-0.33,,12062.46,1000,False,0,2026-08-25 11:43:14.978701
3c6521,LHX8XV  ,Germany,1787658188,1787658188,11.2411,46.3511,9753.6,False,209.92,359.02,-4.23,,10165.08,1252,False,0,2026-08-25 11:43:14.978701
3991ea,AFR48EM ,France,1787658188,1787658188,6.8387,46.0848,10370.82,False,213.2,314.02,0.0,,10812.78,1000,False,0,2026-08-25 11:43:14.978701
40097c,BAW628  ,United Kingdom,1787658188,1787658188,13.592,44.8152,11285.22,False,239.03,135.96,-0.65,,11765.28,0562,False,0,2026-08-25 11:43:14.978701
392af0,AFR63QB ,France,1787658188,1787658188,7.8152,45.4152,10363.2,False,215.61,319.35,0.0,,10797.54,1000,False,0,2026-08-25 11:43:14.978701
3c5099,BJ723   ,Germany,1787658188,1787658188,9.2736,39.4814,11887.2,False,240.42,153.71,0.0,,12580.62,1273,False,0,2026-08-25 11:43:14.978701
a05627,UAL423  ,United States,1787658188,1787658188,12.4752,47.0605,10355.58,False,240.27,312.74,0.0,,10759.44,2057,False,0,2026-08-25 11:43:14.978701
400960,BAW526  ,United Kingdom,1787658187,1787658187,8.7165,42.9669,10668.0,False,262.73,124.87,-0.33,,11209.02,7304,False,0,2026-08-25 11:43:14.978701
4007f9,BAW134  ,United Kingdom,1787658177,1787658185,16.529,43.1775,11582.4,False,222.92,310.6,0.0,,12153.9,,False,0,2026-08-25 11:43:14.978701
49520f,TAP883  ,Portugal,1787658188,1787658188,8.065,40.863,10668.0,False,212.99,269.45,-0.33,,11308.08,,False,0,2026-08-25 11:43:14.978701
7105ad,SVA229  ,Saudi Arabia,1787658188,1787658188,9.5233,40.4701,12192.0,False,222.73,289.15,0.33,,12854.94,,False,0,2026-08-25 11:43:14.978701
4ca9d3,RYR15RL ,Ireland,1787658188,1787658188,7.4482,44.028,10668.0,False,206.64,225.81,0.0,,11178.54,4004,False,0,2026-08-25 11:43:14.978701
ab1fa7,AAL759  ,United States,1787658188,1787658188,15.0353,40.403,10972.8,False,219.63,288.86,-0.33,,11597.64,,False,0,2026-08-25 11:43:14.978701
43ea87,MCNZI   ,United Kingdom,1787658187,1787658187,7.1667,43.5603,1668.78,False,120.11,176.32,19.83,,1798.32,4146,False,0,2026-08-25 11:43:14.978701
4ca8ff,ITY1784 ,Ireland,1787658041,1787658041,12.2579,41.8546,83.82,False,71.42,161.96,-2.93,,121.92,,False,0,2026-08-25 11:43:14.978701
4ca8fc,NOS171  ,Ireland,1787657897,1787657897,8.7188,45.6192,,True,0.0,253.12,,,,6477,False,0,2026-08-25 11:43:14.978701
490d0a,NJE304Q ,Portugal,1787658188,1787658188,17.6074,39.8066,12496.8,False,252.02,115.0,-0.33,,13159.74,,False,0,2026-08-25 11:43:14.978701
3cc569,DCCBH   ,Germany,1787658188,1787658188,13.4314,44.8134,12192.0,False,192.45,305.64,-0.33,,12664.44,1000,False,0,2026-08-25 11:43:14.978701
4d4020,3AMAX   ,Monaco,1787658188,1787658188,7.7025,43.0157,533.4,False,68.22,142.35,-3.58,,594.36,,False,0,2026-08-25 11:43:14.978701
4d403e,3AMTT   ,Monaco,1787658187,1787658188,7.7275,42.9672,434.34,False,28.54,146.02,1.63,,464.82,,False,0,2026-08-25 11:43:14.978701
31ff43,PROVA27 ,Italy,1787658179,1787658179,8.5931,45.8451,487.68,False,71.2,127.37,2.93,,533.4,4612,False,0,2026-08-25 11:43:14.978701
4ca8e8,RYR78LL ,Ireland,1787658188,1787658188,7.2986,43.5254,10271.76,False,254.33,48.28,-5.2,,10789.92,1000,False,0,2026-08-25 11:43:14.978701
4ca8f4,ITY1196 ,Ireland,1787658187,1787658188,9.9391,43.9403,7909.56,False,198.13,334.63,-4.88,,8328.66,5443,False,0,2026-08-25 11:43:14.978701
4ca8f5,ITY1157 ,Ireland,1787658188,1787658188,12.4538,41.3264,5097.78,False,202.6,149.98,16.91,,5417.82,,False,0,2026-08-25 11:43:14.978701
4ca8da,RYR29BA ,Ireland,1787658187,1787658188,13.1344,44.5974,7025.64,False,201.44,312.0,-5.2,,7368.54,1000,False,0,2026-08-25 11:43:14.978701
3c7439,TUI3PK  ,Germany,1787658187,1787658187,15.5784,44.4122,10668.0,False,237.11,141.96,0.0,,11170.92,5542,False,0,2026-08-25 11:43:14.978701
4b7fa9,COL31   ,Switzerland,1787658188,1787658188,8.3245,47.0868,906.78,False,81.87,43.73,-1.63,,990.6,,False,0,2026-08-25 11:43:14.978701
4ca911,RYR8978 ,Ireland,1787658188,1787658188,8.2843,40.6212,213.36,False,83.42,203.24,17.23,,251.46,,False,0,2026-08-25 11:43:14.978701
4ca84f,RYR38MM ,Ireland,1787658164,1787658164,8.7169,45.6231,,True,4.89,264.38,,,,0455,False,0,2026-08-25 11:43:14.978701
4ca85c,ITY159  ,Ireland,1787658188,1787658188,10.7216,43.3014,10599.42,False,240.19,159.04,-8.13,,11148.06,1000,False,0,2026-08-25 11:43:14.978701
3c0c0c,VJH728  ,Germany,1787658188,1787658188,16.4506,45.6865,11277.6,False,246.36,130.34,0.0,,11750.04,3672,False,0,2026-08-25 11:43:14.978701
4a04e4,AWG4410 ,Romania,1787657992,1787657995,11.3837,36.5831,3947.16,False,201.39,202.37,-11.7,,4358.64,5211,False,0,2026-08-25 11:43:14.978701
501dd1,CTN6X   ,Croatia,1787658186,1787658186,17.4131,44.3855,6934.2,False,169.33,333.28,-4.88,,7338.06,1000,False,0,2026-08-25 11:43:14.978701
4ca7b7,RYR42CG ,Ireland,1787658187,1787658187,10.2194,40.277,11026.14,False,224.98,194.7,-8.13,,11658.6,7436,False,0,2026-08-25 11:43:14.978701
49d5a6,TVS1PQ  ,Czech Republic,1787658187,1787658188,15.3119,40.2298,9921.24,False,242.17,158.18,-12.35,,10530.84,1000,False,0,2026-08-25 11:43:14.978701
888139,HVN72   ,Viet Nam,1787658187,1787658187,13.8286,45.3063,11010.9,False,279.38,90.95,3.9,,11468.1,0443,False,0,2026-08-25 11:43:14.978701
02a197,TAR757  ,Tunisia,1787658186,1787658186,10.1923,37.9678,6987.54,False,205.5,166.24,-13.98,,7551.42,1275,False,0,2026-08-25 11:43:14.978701
02a192,TAR441  ,Tunisia,1787658184,1787658186,10.4148,37.0074,7543.8,False,225.26,158.0,-13.66,,8130.54,7644,False,0,2026-08-25 11:43:14.978701
4ca6fb,RYR78PK ,Ireland,1787658188,1787658188,16.3923,40.7234,10363.2,False,206.77,288.12,-0.33,,10965.18,,False,0,2026-08-25 11:43:14.978701
a53612,DAL241  ,United States,1787658187,1787658187,13.0745,41.3082,10972.8,False,210.41,306.45,0.0,,11582.4,,False,0,2026-08-25 11:43:14.978701
4ca809,RYR4749 ,Ireland,1787658187,1787658188,9.4698,43.8907,11277.6,False,244.56,153.38,0.0,,11795.76,1000,False,0,2026-08-25 11:43:14.978701
02a0ad,TAR717  ,Tunisia,1787658188,1787658188,10.2393,37.7775,3406.14,False,193.7,164.6,-3.25,,3741.42,7646,False,0,2026-08-25 11:43:14.978701
4ca80b,RYR227P ,Ireland,1787658188,1787658188,13.0331,39.4898,11887.2,False,245.72,148.44,0.0,,12542.52,7466,False,0,2026-08-25 11:43:14.978701
706068,KAC125  ,Kuwait,1787658175,1787658182,18.136,44.0245,2423.16,False,113.25,260.32,-2.28,,2590.8,5325,False,0,2026-08-25 11:43:14.978701
4ca813,RYR4GZ  ,Ireland,1787658188,1787658188,7.6602,44.2807,11277.6,False,197.01,239.22,0.0,,11765.28,4055,False,0,2026-08-25 11:43:14.978701
4ca816,RYR2ZA  ,Ireland,1787658187,1787658187,12.9575,41.8707,7063.74,False,191.93,88.77,10.08,,7467.6,,False,0,2026-08-25 11:43:14.978701
44c069,PGC89W  ,Belgium,1787658187,1787658188,8.2789,42.1014,4808.22,False,164.79,134.87,-6.5,,5113.02,1000,False,0,2026-08-25 11:43:14.978701
486651,KLM72W  ,Kingdom of the Netherlands,1787658187,1787658188,11.4172,44.228,10363.2,False,233.1,358.74,0.0,,10866.12,1000,False,0,2026-08-25 11:43:14.978701
4ca75f,RYR3763 ,Ireland,1787658188,1787658188,14.6045,38.0801,6035.04,False,188.53,155.32,-10.08,,6499.86,7424,False,0,2026-08-25 11:43:14.978701
4ca73e,RYR633K ,Ireland,1787658188,1787658188,9.1835,43.5966,9144.0,False,225.01,26.04,0.33,,9624.06,1000,False,0,2026-08-25 11:43:14.978701
ab5365,DAL289  ,United States,1787658188,1787658188,11.5946,45.9245,6819.9,False,225.17,315.28,8.78,,7109.46,0272,False,0,2026-08-25 11:43:14.978701
4ca741,RYR53WF ,Ireland,1787658187,1787658187,11.7197,40.5394,10980.42,False,218.81,341.78,0.0,,11597.64,6566,False,0,2026-08-25 11:43:14.978701
a6ffea,N550FB  ,United States,1787658188,1787658188,7.4138,45.4038,8953.5,False,259.2,106.13,9.1,,9342.12,0442,False,0,2026-08-25 11:43:14.978701
4a29f9,HYS5283 ,Romania,1787658188,1787658188,13.9765,39.1402,10980.42,False,218.65,225.86,-0.33,,11650.98,1351,False,0,2026-08-25 11:43:14.978701
781347,CCA846  ,China,1787658188,1787658188,8.7997,44.9949,10972.8,False,272.41,42.24,0.0,,11430.0,3747,False,0,2026-08-25 11:43:14.978701
4b7f67,V618    ,Switzerland,1787658185,1787658187,8.3098,47.0986,,True,0.0,253.12,,,,,False,0,2026-08-25 11:43:14.978701
4b7f65,V620    ,Switzerland,1787658183,1787658183,8.4485,46.4499,2849.88,False,58.76,319.62,0.98,,2964.18,,False,0,2026-08-25 11:43:14.978701
4b7f3f,SUI025  ,Switzerland,1787658188,1787658188,7.4947,46.916,,True,3.34,317.81,,,,4320,False,0,2026-08-25 11:43:14.978701
4b7f5a,GIZ41   ,Switzerland,1787658188,1787658188,8.0235,46.7511,1516.38,False,103.41,306.3,-0.33,,1630.68,3451,True,0,2026-08-25 11:43:14.978701
501c42,CTN413  ,Croatia,1787658187,1787658187,14.6258,44.0166,7239.0,False,191.98,204.71,-10.73,,7612.38,1000,False,0,2026-08-25 11:43:14.978701
48c9cf,JDI007  ,Poland,1787658188,1787658188,6.912,43.2257,3931.92,False,177.4,219.0,-4.88,,4160.52,2222,False,0,2026-08-25 11:43:14.978701
501c38,CTN29F  ,Croatia,1787658187,1787658188,14.542,44.6334,10767.06,False,244.82,115.65,-4.23,,11254.74,1000,False,0,2026-08-25 11:43:14.978701
501c58,CTN5N   ,Croatia,1787658188,1787658188,16.1299,44.9745,6309.36,False,208.24,13.86,-7.8,,6637.02,1000,False,0,2026-08-25 11:43:14.978701
3cc24a,AWH56K  ,Germany,1787658188,1787658188,10.6993,46.1222,12496.8,False,233.66,28.54,-0.33,,12938.76,1000,False,0,2026-08-25 11:43:14.978701
7812a1,CHH428  ,China,1787658188,1787658188,16.6859,44.6867,11277.6,False,277.0,103.75,0.0,,11803.38,0462,False,0,2026-08-25 11:43:14.978701
4a0441,VOE7WZ  ,Romania,1787658187,1787658188,9.2696,42.3332,9144.0,False,216.03,356.18,0.33,,9662.16,,False,0,2026-08-25 11:43:14.978701
4ca719,ITY403  ,Ireland,1787658188,1787658188,9.2061,45.4638,11285.22,False,249.56,150.21,0.33,,11742.42,1000,False,0,2026-08-25 11:43:14.978701
4bcdb0,SXS7UJ  ,Turkey,1787658188,1787658188,17.2678,45.3459,11887.2,False,247.17,132.89,0.0,,12405.36,6430,False,0,2026-08-25 11:43:14.978701
4a4aae,AWG644  ,Romania,1787658188,1787658188,15.5422,41.9169,10972.8,False,216.38,219.4,-0.33,,11551.92,4143,False,0,2026-08-25 11:43:14.978701
4ca708,RYR5SM  ,Ireland,1787658183,1787658187,14.9384,39.0397,10363.2,False,223.95,343.31,0.0,,11003.28,,False,0,2026-08-25 11:43:14.978701
4ca704,RYR52BG ,Ireland,1787658188,1787658188,8.5667,46.7981,10668.0,False,234.24,174.2,0.0,,11056.62,1000,False,0,2026-08-25 11:43:14.978701
4bccba,SXS3AQ  ,Turkey,1787658188,1787658188,17.1524,44.9869,11582.4,False,207.36,315.6,-0.33,,12092.94,3253,False,0,2026-08-25 11:43:14.978701
4ca647,RYR2056 ,Ireland,1787658186,1787658188,11.3951,41.5701,9753.6,False,253.43,69.69,0.33,,10302.24,,False,0,2026-08-25 11:43:14.978701
e4818a,TAM8121 ,Brazil,1787658187,1787658187,10.7894,41.1466,7101.84,False,214.65,243.68,6.5,,7551.42,,False,0,2026-08-25 11:43:14.978701
4bce02,SXS3WY  ,Turkey,1787658188,1787658188,13.4156,46.8662,10972.8,False,222.29,305.68,0.0,,11384.28,3273,False,0,2026-08-25 11:43:14.978701
4bce12,SXS5GX  ,Turkey,1787658189,1787658189,13.3283,46.9075,11582.4,False,220.22,293.69,0.0,,12001.5,3255,False,0,2026-08-25 11:43:14.978701
46866b,AEZ2227 ,Greece,1787658188,1787658188,11.26,44.4009,9067.8,False,244.83,129.54,4.23,,9502.14,6440,False,0,2026-08-25 11:43:14.978701
4b1af2,HBKFI   ,Switzerland,1787658178,1787658178,6.6177,46.549,,True,0.0,312.19,,,,,False,0,2026-08-25 11:43:14.978701
8940c0,BAH16   ,Bahrain,1787658188,1787658188,13.3673,44.8145,13716.0,False,237.79,322.56,-0.33,,14188.44,6627,False,0,2026-08-25 11:43:14.978701
40631a,EZY61KH ,United Kingdom,1787658188,1787658188,7.9335,42.8498,11582.4,False,203.21,332.07,0.0,,12146.28,4032,False,0,2026-08-25 11:43:14.978701
3ccd47,IFA1312 ,Germany,1787658188,1787658188,11.0355,45.4383,4084.32,False,187.87,42.56,15.93,,4251.96,0246,False,0,2026-08-25 11:43:14.978701
5140da,TGZ731  ,Georgia,1787658188,1787658188,11.7145,44.6547,9662.16,False,201.48,248.74,-5.53,,10119.36,2321,False,0,2026-08-25 11:43:14.978701
3006b0,GRIF069 ,Italy,1787658188,1787658188,14.2412,42.2891,525.78,False,60.26,328.62,0.33,,586.74,,False,0,2026-08-25 11:43:14.978701
3006b5,DLA6MF  ,Italy,1787658188,1787658188,10.5762,46.8798,8298.18,False,235.03,170.81,-5.85,,8656.32,2561,False,0,2026-08-25 11:43:14.978701
40768a,EZY12CV ,United Kingdom,1787658188,1787658188,13.8199,41.1,5387.34,False,128.88,305.09,12.03,,5745.48,,False,0,2026-08-25 11:43:14.978701
407687,EZY42TB ,United Kingdom,1787658165,1787658167,13.7707,44.8902,617.22,False,89.02,88.68,-4.55,,670.56,0543,False,0,2026-08-25 11:43:14.978701
3950cd,AFR731  ,France,1787658188,1787658188,7.003,43.6328,4130.04,False,155.02,329.26,7.15,,4343.4,1000,False,0,2026-08-25 11:43:14.978701
3950cc,AFR66CJ ,France,1787658188,1787658188,10.1327,42.9403,9944.1,False,254.81,137.13,-4.55,,10477.5,1000,False,0,2026-08-25 11:43:14.978701
3950cf,AFR73VA ,France,1787658188,1787658188,11.121,42.7387,7932.42,False,236.54,319.76,0.33,,8374.38,1000,False,0,2026-08-25 11:43:14.978701
400ceb,EFW34VK ,United Kingdom,1787658188,1787658188,10.3474,44.5524,10363.2,False,217.21,330.64,0.0,,10828.02,3724,False,0,2026-08-25 11:43:14.978701
4074b5,EZY63CN ,United Kingdom,1787658188,1787658188,14.0188,46.2223,11574.78,False,219.19,307.95,0.33,,12016.74,6633,False,0,2026-08-25 11:43:14.978701
c01759,ACA899  ,Canada,1787658188,1787658188,11.1099,46.0421,9753.6,False,237.6,316.32,0.0,,10180.32,2010,False,0,2026-08-25 11:43:14.978701
300833,IBSAL   ,Italy,1787658188,1787658188,9.1781,45.5497,487.68,False,40.72,176.38,2.93,,541.02,7000,False,0,2026-08-25 11:43:14.978701
4cafc2,RYR5TL  ,Ireland,1787658103,1787658104,10.3762,43.6663,83.82,False,81.18,37.02,-4.55,,121.92,1412,False,0,2026-08-25 11:43:14.978701
4cafd1,RYR8771 ,Ireland,1787658188,1787658188,11.516,41.9891,10972.8,False,210.76,311.04,0.0,,11559.54,1000,False,0,2026-08-25 11:43:14.978701
300903,IPTAH   ,Italy,1787658178,1787658183,12.212,44.3177,320.04,False,61.05,339.27,0.0,,350.52,,False,0,2026-08-25 11:43:14.978701
a4dbef,DAL42   ,United States,1787658188,1787658188,10.9366,42.9018,9121.14,False,228.73,161.65,-8.13,,9624.06,2251,False,0,2026-08-25 11:43:14.978701
3964ec,TVF6427 ,France,1787658187,1787658188,7.3405,45.6757,11582.4,False,205.58,316.32,0.0,,12031.98,1000,False,0,2026-08-25 11:43:14.978701
01024f,MSC2980 ,Egypt,1787658011,1787658011,18.152,41.1132,10972.8,False,229.3,340.06,-0.33,,11628.12,5525,False,0,2026-08-25 11:43:14.978701
3964ef,TVF39LN ,France,1787658188,1787658188,10.7565,44.2008,11277.6,False,252.55,125.63,0.0,,11772.9,0406,False,0,2026-08-25 11:43:14.978701
3007ee,DLA4UX  ,Italy,1787658188,1787658188,11.1365,45.6178,5806.44,False,184.29,2.08,10.73,,6073.14,0247,False,0,2026-08-25 11:43:14.978701
406444,EZY31YR ,United Kingdom,1787658187,1787658187,18.57,42.5542,10965.18,False,227.87,326.88,-0.33,,11544.3,,False,0,2026-08-25 11:43:14.978701
407777,CFE56D  ,United Kingdom,1787658188,1787658188,10.7553,46.4535,11277.6,False,237.1,166.96,0.0,,11734.8,3454,False,0,2026-08-25 11:43:14.978701
3007f1,DLA2CA  ,Italy,1787658188,1787658188,13.4609,46.1769,3962.4,False,158.9,191.2,-0.65,,4130.04,0126,False,0,2026-08-25 11:43:14.978701
010264,MSC2998 ,Egypt,1787658183,1787658183,17.6477,42.9023,10988.04,False,231.3,323.41,-0.33,,11551.92,,False,0,2026-08-25 11:43:14.978701
010263,MSC2930 ,Egypt,1787658188,1787658188,17.2908,43.7383,11559.54,False,218.48,325.26,1.95,,12108.18,2073,False,0,2026-08-25 11:43:14.978701
010265,MSC2950 ,Egypt,1787658187,1787658187,18.1168,40.6603,10980.42,False,222.71,333.08,-1.3,,11612.88,5625,False,0,2026-08-25 11:43:14.978701
010205,MSR771  ,Egypt,1787658188,1787658188,7.6387,45.624,7840.98,False,230.35,310.2,-10.4,,8206.74,2023,False,0,2026-08-25 11:43:14.978701
4b1a23,EZS1535 ,Switzerland,1787658187,1787658187,11.3457,41.8211,11887.2,False,239.77,142.15,0.33,,12496.8,5722,False,0,2026-08-25 11:43:14.978701
4b1a2f,EZS29ZA ,Switzerland,1787658161,1787658167,17.4033,43.001,11887.2,False,232.95,133.03,-0.33,,12458.7,0227,False,0,2026-08-25 11:43:14.978701
4b1a37,EZS48AX ,Switzerland,1787658187,1787658187,14.4462,38.98,10469.88,False,209.89,326.7,6.18,,11109.96,,False,0,2026-08-25 11:43:14.978701
4b1a1a,EZS31WH ,Switzerland,1787658188,1787658188,17.0089,43.1911,11269.98,False,243.56,123.89,0.0,,11833.86,5736,False,0,2026-08-25 11:43:14.978701
4b1a1b,EZS68LG ,Switzerland,1787658187,1787658188,8.5792,45.5943,9273.54,False,211.57,278.25,-10.08,,9700.26,6624,False,0,2026-08-25 11:43:14.978701
4b1a26,EZS82EN ,Switzerland,1787658188,1787658188,12.564,38.8208,6888.48,False,203.62,117.21,-8.45,,7437.12,1000,False,0,2026-08-25 11:43:14.978701
4b1a28,EZS83XM ,Switzerland,1787658187,1787658188,8.4973,43.0115,11574.78,False,248.56,41.48,0.33,,12146.28,1000,False,0,2026-08-25 11:43:14.978701
4d24ca,RYR64FN ,Malta,1787658187,1787658188,14.3522,35.7864,1798.32,False,132.57,327.36,5.2,,1996.44,6560,False,0,2026-08-25 11:43:14.978701
4b1a65,EZS52YT ,Switzerland,1787658188,1787658188,13.5827,46.4283,11285.22,False,243.15,127.69,-0.65,,11711.94,1170,False,0,2026-08-25 11:43:14.978701
4d24e2,9HITA   ,Malta,1787658187,1787658187,11.9334,44.3172,480.06,False,76.74,309.56,0.0,,518.16,2133,False,0,2026-08-25 11:43:14.978701
010298,MSR787  ,Egypt,1787658187,1787658188,17.8153,43.3674,10363.2,False,235.38,324.61,-0.33,,10888.98,5527,False,0,2026-08-25 11:43:14.978701
4d24de,KMM515  ,Malta,1787658188,1787658188,16.3065,41.716,11887.2,False,228.57,198.64,-0.33,,12512.04,7154,False,0,2026-08-25 11:43:14.978701
010292,MSC805  ,Egypt,1787658188,1787658188,17.6572,40.1735,10355.58,False,218.35,310.03,0.0,,10957.56,,False,0,2026-08-25 11:43:14.978701
34761a,VOE2336 ,Spain,1787658188,1787658188,7.011,45.2557,11887.2,False,251.73,134.67,0.0,,12374.88,0471,False,0,2026-08-25 11:43:14.978701
010289,MSR984  ,Egypt,1787658188,1787658188,14.5103,44.3618,12496.8,False,263.61,127.23,0.65,,12984.48,5251,False,0,2026-08-25 11:43:14.978701
4d24e6,KMM624  ,Malta,1787658188,1787658188,12.9533,37.6764,10972.8,False,220.73,339.54,0.0,,11666.22,6572,False,0,2026-08-25 11:43:14.978701
4d24b2,WMT326  ,Malta,1787658188,1787658188,9.2591,38.7302,10668.0,False,218.46,235.75,0.0,,11346.18,4144,False,0,2026-08-25 11:43:14.978701
4b1a5f,EZS43JB ,Switzerland,1787658186,1787658188,16.0648,43.3588,10972.8,False,213.26,299.16,-0.33,,11521.44,,False,0,2026-08-25 11:43:14.978701
3ccbf5,ECA3NT  ,Germany,1787658188,1787658188,8.7327,45.6162,,True,5.66,67.5,,,,,False,0,2026-08-25 11:43:14.978701
30099b,IOZZR   ,Italy,1787658188,1787658188,12.053,45.4923,457.2,False,45.99,233.64,0.98,,510.54,4211,False,0,2026-08-25 11:43:14.978701
4075e0,EZY52RV ,United Kingdom,1787658188,1787658188,10.8092,42.6041,10965.18,False,223.7,340.94,0.0,,11529.06,3775,False,0,2026-08-25 11:43:14.978701
4075c1,NBT40S  ,United Kingdom,1787658188,1787658188,10.9956,42.5538,6454.14,False,240.86,120.84,-10.4,,6842.76,1000,False,0,2026-08-25 11:43:14.978701
3461ce,VOE3557 ,Spain,1787658188,1787658188,7.353,43.8786,11277.6,False,195.69,246.94,0.98,,11795.76,1000,False,0,2026-08-25 11:43:14.978701
4075fe,BAW396U ,United Kingdom,1787658187,1787658187,18.0087,42.6346,10668.0,False,242.03,133.19,0.0,,11231.88,5223,False,0,2026-08-25 11:43:14.978701
4d2510,ALE44   ,Malta,1787658187,1787658188,9.1245,41.8638,7117.08,False,93.66,1.57,3.58,,7566.66,,False,0,2026-08-25 11:43:14.978701
4d2518,RYR5MH  ,Malta,1787658187,1787658187,11.6149,44.3398,2110.74,False,120.16,345.37,-2.6,,2225.04,1000,False,0,2026-08-25 11:43:14.978701
4d2508,AEZ11GR ,Malta,1787658187,1787658187,10.0257,40.1547,8130.54,False,234.61,35.99,9.43,,8473.44,,False,0,2026-08-25 11:43:14.978701
4d253d,AEZ318W ,Malta,1787658187,1787658187,10.2897,41.2531,7063.74,False,244.75,68.29,7.15,,7482.84,,False,0,2026-08-25 11:43:14.978701
4d2534,WMT99W  ,Malta,1787658188,1787658188,11.4535,42.0413,10363.2,False,206.29,306.58,-0.33,,10957.56,4134,False,0,2026-08-25 11:43:14.978701
4d2535,WZZ533  ,Malta,1787658187,1787658187,17.7649,43.5911,9166.86,False,225.49,336.18,6.83,,9654.54,2235,False,0,2026-08-25 11:43:14.978701
3004c2,NOS2850 ,Italy,1787658188,1787658188,16.1476,41.7077,10972.8,False,207.3,310.37,-0.33,,11544.3,,False,0,2026-08-25 11:43:14.978701
4caecc,RYR1FU  ,Ireland,1787658188,1787658188,9.0682,45.5654,3230.88,False,166.47,128.85,5.2,,3383.28,0421,False,0,2026-08-25 11:43:14.978701
347287,IBE09HV ,Spain,1787658187,1787658188,7.0613,43.9276,10683.24,False,205.78,241.64,-0.33,,11193.78,1000,False,0,2026-08-25 11:43:14.978701
4caefb,ITY1648 ,Ireland,1787658057,1787658057,9.2789,45.4574,,True,0.9,92.81,,,,1000,False,0,2026-08-25 11:43:14.978701
347256,VOE9BA  ,Spain,1787658183,1787658188,10.776,45.3354,1120.14,False,140.82,175.81,17.56,,1181.1,,False,0,2026-08-25 11:43:14.978701
347258,VOE9FT  ,Spain,1787658187,1787658187,12.7149,40.9078,10363.2,False,204.61,326.59,0.0,,10980.42,7062,False,0,2026-08-25 11:43:14.978701
717ca4,SVA201  ,Saudi Arabia,1787658188,1787658188,13.1452,41.3934,6035.04,False,167.79,310.77,-9.43,,6438.9,2063,False,0,2026-08-25 11:43:14.978701
407462,BAW584  ,United Kingdom,1787658142,1787658142,8.7167,45.6277,,True,0.39,258.75,,,,0532,False,0,2026-08-25 11:43:14.978701
4b1a00,SAZ51   ,Switzerland,1787658186,1787658186,18.0269,41.0092,12496.8,False,240.49,147.67,-0.33,,13129.26,3020,False,0,2026-08-25 11:43:14.978701
4caf1e,ITY1764 ,Ireland,1787658188,1787658188,9.8983,43.8465,8823.96,False,190.14,335.38,-8.45,,9281.16,1000,False,0,2026-08-25 11:43:14.978701
4caf1d,ITY1619 ,Ireland,1787658187,1787658187,12.2617,41.4795,3413.76,False,195.26,111.97,6.5,,3642.36,,False,0,2026-08-25 11:43:14.978701
424b9f,MFUAD   ,United Kingdom,1787658189,1787658189,13.0351,45.3956,13716.0,False,282.62,119.32,-0.33,,14226.54,7256,False,0,2026-08-25 11:43:14.978701
717cc7,KNE397  ,Saudi Arabia,1787658188,1787658188,11.8072,45.3991,10668.0,False,206.28,294.46,-0.33,,11125.2,4157,False,0,2026-08-25 11:43:14.978701
4d23f8,RYR8DJ  ,Malta,1787658188,1787658188,10.0644,45.5188,10668.0,False,214.23,232.41,0.0,,11117.58,1341,False,0,2026-08-25 11:43:14.978701
4d23ea,CXI9CM  ,Malta,1787658188,1787658188,9.8922,43.9059,11277.6,False,259.55,125.64,0.0,,11788.14,7317,False,0,2026-08-25 11:43:14.978701
4d23fa,RYR90TA ,Malta,1787658188,1787658188,7.7632,42.605,11277.6,False,209.58,223.81,0.0,,11849.1,4021,False,0,2026-08-25 11:43:14.978701
4d23fb,RYR8KY  ,Malta,1787658188,1787658188,7.037,40.6581,10972.8,False,250.14,91.77,0.0,,11612.88,1000,False,0,2026-08-25 11:43:14.978701
4d23dc,VJT495  ,Malta,1787658188,1787658188,13.3469,43.6487,12009.12,False,242.35,78.12,16.58,,12565.38,1277,False,0,2026-08-25 11:43:14.978701
300602,PEGASO53,Italy,1787658188,1787658188,15.4147,38.9064,1805.94,False,59.04,347.42,0.0,,1988.82,,False,0,2026-08-25 11:43:14.978701
4d2409,EWG1PF  ,Malta,1787658187,1787658187,14.5969,45.0668,10957.56,False,246.14,341.6,0.0,,11430.0,1000,False,0,2026-08-25 11:43:14.978701
4b3dd7,HBXKX   ,Switzerland,1787657942,1787657942,8.6806,46.2114,990.6,False,74.86,194.32,-13.98,,1226.82,,False,0,2026-08-25 11:43:14.978701
33fe92,IAM1435 ,Italy,1787658188,1787658188,16.3017,38.8494,10058.4,False,257.96,130.55,0.0,,10660.38,0216,False,0,2026-08-25 11:43:14.978701
4cadbf,RYR595F ,Ireland,1787658188,1787658188,13.8505,36.4257,6187.44,False,192.0,328.14,8.13,,6667.5,6576,False,0,2026-08-25 11:43:14.978701
4d241c,WMT7474 ,Malta,1787658188,1787658188,7.9489,40.8327,10972.8,False,257.61,73.05,0.33,,11605.26,1000,False,0,2026-08-25 11:43:14.978701
4d2430,WZZ9QP  ,Malta,1787658186,1787658187,15.897,42.1391,11285.22,False,234.5,196.96,-0.33,,11879.58,5544,False,0,2026-08-25 11:43:14.978701
4cadc1,RYR18ZU ,Ireland,1787658187,1787658188,17.8547,44.3562,10972.8,False,225.07,309.62,0.0,,11498.58,2034,False,0,2026-08-25 11:43:14.978701
4d242b,WMT931  ,Malta,1787658185,1787658185,16.3899,42.0541,10668.0,False,248.44,61.15,0.33,,11262.36,1410,False,0,2026-08-25 11:43:14.978701
4d2416,EWG30R  ,Malta,1787658186,1787658188,9.259,41.0159,3489.96,False,163.42,339.74,6.18,,3756.66,,False,0,2026-08-25 11:43:14.978701
4d2424,WMT2020 ,Malta,1787658188,1787658188,17.1787,41.7354,10972.8,False,210.54,295.63,0.0,,11551.92,,False,0,2026-08-25 11:43:14.978701
4d2425,WZZ9GQ  ,Malta,1787658188,1787658188,16.6995,38.9029,3451.86,False,171.34,72.71,13.66,,3741.42,,False,0,2026-08-25 11:43:14.978701
4cadc0,RYR7404 ,Ireland,1787658187,1787658187,14.4907,35.8469,,True,24.18,135.0,,,,,False,0,2026-08-25 11:43:14.978701
4d2420,WMT4763 ,Malta,1787658181,1787658185,16.2172,43.1053,11277.6,False,244.42,146.68,0.33,,11849.1,0276,False,0,2026-08-25 11:43:14.978701
4d2421,WMT7387 ,Malta,1787658187,1787658187,18.3005,43.5296,10355.58,False,208.82,254.42,-0.33,,10896.6,1373,False,0,2026-08-25 11:43:14.978701
4cadaa,ITY203  ,Ireland,1787658187,1787658187,12.2215,41.9412,594.36,False,101.86,162.66,-5.85,,662.94,7303,False,0,2026-08-25 11:43:14.978701
4cadfd,RYR99GJ ,Ireland,1787657988,1787657988,10.0614,41.1687,2705.1,False,129.35,238.33,-7.48,,2941.32,6332,False,0,2026-08-25 11:43:14.978701
4cadfe,RYR2VJ  ,Ireland,1787658187,1787658188,11.1419,46.5124,11582.4,False,227.87,351.43,0.0,,12016.74,0270,False,0,2026-08-25 11:43:14.978701
4d2453,WZZ4275 ,Malta,1787658188,1787658188,15.2972,40.4436,10058.4,False,228.62,221.08,0.0,,10668.0,,False,0,2026-08-25 11:43:14.978701
4cadde,ITY2133 ,Ireland,1787658187,1787658187,11.1801,42.7127,6469.38,False,236.55,126.42,-17.56,,6865.62,1000,False,0,2026-08-25 11:43:14.978701
4cade9,ITY061  ,Ireland,1787658188,1787658188,7.2011,40.9679,10972.8,False,260.6,78.85,0.0,,11605.26,1000,False,0,2026-08-25 11:43:14.978701
4cade5,RYR4NJ  ,Ireland,1787658186,1787658187,11.9402,39.7734,11574.78,False,215.52,338.58,0.0,,12230.1,3773,False,0,2026-08-25 11:43:14.978701
346043,VOE2341 ,Spain,1787658188,1787658188,7.2707,43.7226,10355.58,False,215.17,325.82,0.0,,10866.12,1000,False,0,2026-08-25 11:43:14.978701
4cadea,ITY1787 ,Ireland,1787658188,1787658188,11.9518,41.717,10058.4,False,237.69,162.23,0.0,,10645.14,1000,False,0,2026-08-25 11:43:14.978701
4cadf9,RYR2XD  ,Ireland,1787658188,1787658188,7.2108,45.929,11369.04,False,212.42,324.46,4.55,,11803.38,1000,False,0,2026-08-25 11:43:14.978701
4cadf6,RYR3871 ,Ireland,1787658187,1787658188,12.0591,41.6913,10972.8,False,218.03,339.13,0.0,,11574.78,0270,False,0,2026-08-25 11:43:14.978701
3c44ad,DCS109  ,Germany,1787658186,1787658186,17.4526,41.1384,13716.0,False,264.45,101.9,0.33,,14325.6,1241,False,0,2026-08-25 11:43:14.978701
347350,VLG5RG  ,Spain,1787658188,1787658188,9.7229,44.9665,10233.66,False,267.71,87.8,-5.2,,10698.48,1000,False,0,2026-08-25 11:43:14.978701
40755f,EXS94Y  ,United Kingdom,1787658181,1787658181,18.4619,41.963,10355.58,False,222.26,315.09,0.33,,10896.6,,False,0,2026-08-25 11:43:14.978701
4d2493,WZZ13KX ,Malta,1787658183,1787658183,15.1798,45.2289,2667.0,False,141.81,208.61,-2.6,,2827.02,1000,False,0,2026-08-25 11:43:14.978701
407569,EZY73PM ,United Kingdom,1787658186,1787658187,15.7763,43.6407,11590.02,False,228.52,334.82,-1.63,,12138.66,3705,False,0,2026-08-25 11:43:14.978701
4b3f28,HBXXW   ,Switzerland,1787658187,1787658187,8.9686,46.017,518.16,False,56.54,172.68,3.9,,533.4,,False,0,2026-08-25 11:43:14.978701
4cae19,ITY107  ,Ireland,1787658187,1787658188,11.0906,45.8925,11269.98,False,234.44,165.9,-0.33,,11742.42,1000,False,0,2026-08-25 11:43:14.978701
4cae11,ITY1718 ,Ireland,1787658187,1787658187,10.7888,42.8437,10972.8,False,214.59,329.93,-0.33,,11544.3,5162,False,0,2026-08-25 11:43:14.978701
300795,IOZZD   ,Italy,1787658188,1787658188,11.5411,44.4717,182.88,False,37.14,30.83,2.93,,228.6,,False,0,2026-08-25 11:43:14.978701
a50e93,DAL67   ,United States,1787658186,1787658186,11.331,41.9731,4404.36,False,176.59,298.73,5.53,,4678.68,,False,0,2026-08-25 11:43:14.978701
4cae59,RYR87YL ,Ireland,1787658188,1787658188,16.0057,46.2745,3832.86,False,162.2,150.35,-8.13,,4038.6,2573,False,0,2026-08-25 11:43:14.978701
300782,DLH3TP  ,Italy,1787658179,1787658185,16.052,43.4631,10363.2,False,216.9,356.87,-0.33,,10888.98,1000,False,0,2026-08-25 11:43:14.978701
300781,AUA535T ,Italy,1787658188,1787658188,13.1901,44.8228,9448.8,False,198.48,235.77,-0.33,,9875.52,4040,False,0,2026-08-25 11:43:14.978701
4cae1c,ITY896  ,Ireland,1787658188,1787658188,15.952,38.3651,11277.6,False,252.13,133.93,-0.65,,11963.4,,False,0,2026-08-25 11:43:14.978701
4cae94,RYR4UL  ,Ireland,1787658188,1787658188,10.8248,46.3899,7772.4,False,233.9,32.61,16.91,,8115.3,3750,False,0,2026-08-25 11:43:14.978701
4d22ad,RYR776Q ,Malta,1787658188,1787658188,9.9178,45.0149,11590.02,False,255.06,53.2,-0.33,,12062.46,1000,False,0,2026-08-25 11:43:14.978701
4d22b5,RYR472L ,Malta,1787658187,1787658188,16.0709,44.8985,7635.24,False,232.94,24.81,7.8,,8023.86,1000,False,0,2026-08-25 11:43:14.978701
4d22ba,RYR418H ,Malta,1787658187,1787658187,15.8312,45.1819,7292.34,False,183.46,227.05,-9.75,,7673.34,1000,False,0,2026-08-25 11:43:14.978701
aac8a4,UAL507  ,United States,1787658187,1787658187,10.9245,42.885,7520.94,False,246.4,153.6,-11.38,,7955.28,2277,False,0,2026-08-25 11:43:14.978701
4d2301,RYR51EL ,Malta,1787658187,1787658188,13.2122,40.282,11887.2,False,250.09,152.96,0.0,,12542.52,0674,False,0,2026-08-25 11:43:14.978701
4d234a,RYR1PY  ,Malta,1787658188,1787658188,8.5091,43.3447,11277.6,False,208.67,222.3,0.33,,11818.62,1000,False,0,2026-08-25 11:43:14.978701
3c56ec,EWG59YM ,Germany,1787658188,1787658188,13.8747,45.7852,10347.96,False,211.65,318.05,0.33,,10789.92,1165,False,0,2026-08-25 11:43:14.978701
3c56ea,EWG4R   ,Germany,1787658188,1787658188,8.6056,46.5566,11277.6,False,227.29,174.81,-4.88,,11719.56,4126,False,0,2026-08-25 11:43:14.978701
4d2337,9HMEP   ,Malta,1787658149,1787658150,14.4732,35.8595,,True,,241.88,,,,3637,False,0,2026-08-25 11:43:14.978701
4cace0,RYR6517 ,Ireland,1787658185,1787658185,10.6976,41.3459,5654.04,False,192.44,224.46,-10.73,,6172.2,0766,False,0,2026-08-25 11:43:14.978701
4d2346,RYR45MK ,Malta,1787658187,1787658187,16.8057,41.4181,10668.0,False,261.12,140.92,-0.33,,11262.36,0427,False,0,2026-08-25 11:43:14.978701
4d2392,EWG71LA ,Malta,1787658188,1787658188,13.4909,46.5782,10302.24,False,238.31,148.51,3.9,,10706.1,2544,False,0,2026-08-25 11:43:14.978701
4d2376,EKT63   ,Malta,1787658188,1787658188,13.9679,35.7622,434.34,False,73.32,40.73,0.0,,518.16,0072,False,0,2026-08-25 11:43:14.978701
4d2374,VJT407  ,Malta,1787658188,1787658188,8.0601,46.3462,5242.56,False,151.4,57.07,-5.2,,5478.78,5764,False,0,2026-08-25 11:43:14.978701
300393,DLA8RT  ,Italy,1787658188,1787658188,10.1659,45.4612,9951.72,False,240.17,37.78,6.18,,10378.44,3755,False,0,2026-08-25 11:43:14.978701
4d2384,RYR78FR ,Malta,1787658188,1787658188,18.0102,39.8749,10972.8,False,211.37,310.16,0.0,,11612.88,,False,0,2026-08-25 11:43:14.978701
4070ef,EXS3047 ,United Kingdom,1787658188,1787658188,11.0623,46.7544,10668.0,False,238.05,138.77,0.0,,11079.48,0567,False,0,2026-08-25 11:43:14.978701
4d21b8,XMT2FJ  ,Malta,1787658188,1787658188,14.5289,42.7142,10363.2,False,194.1,272.28,0.65,,10881.36,4137,False,0,2026-08-25 11:43:14.978701
4c01e4,ASL51N  ,Serbia,1787658109,1787658171,15.8905,42.7195,10073.64,False,251.22,49.98,-0.33,,10568.94,1263,False,0,2026-08-25 11:43:14.978701
4cad5d,ITY344  ,Ireland,1787658188,1787658188,9.2996,43.1069,7246.62,False,189.21,294.75,-8.78,,7665.72,1000,False,0,2026-08-25 11:43:14.978701
4cad5e,ITY066  ,Ireland,1787658187,1787658187,7.8406,44.2726,10660.38,False,195.63,229.69,1.63,,11148.06,1000,False,0,2026-08-25 11:43:14.978701
4cad3a,RYR646Y ,Ireland,1787658187,1787658188,8.2993,40.9856,10058.4,False,244.2,157.32,0.0,,10660.38,5124,False,0,2026-08-25 11:43:14.978701
4cad3d,RYR6UN  ,Ireland,1787658188,1787658188,9.7976,43.8556,11582.4,False,256.33,54.97,0.0,,12108.18,1000,False,0,2026-08-25 11:43:14.978701
4d21ee,RYR15PW ,Malta,1787658188,1787658188,9.8809,44.8835,8953.5,False,248.27,140.8,7.48,,9364.98,1000,False,0,2026-08-25 11:43:14.978701
4d21cd,VJT643  ,Malta,1787658186,1787658188,14.3978,36.0413,4015.74,False,179.54,359.67,5.2,,4396.74,6562,False,0,2026-08-25 11:43:14.978701
4d21ce,AEZ514C ,Malta,1787658188,1787658188,14.1893,40.729,8862.06,False,207.13,310.97,-6.5,,9433.56,,False,0,2026-08-25 11:43:14.978701
ab0a9d,DAL113  ,United States,1787658188,1787658188,12.0627,41.7905,1150.62,False,131.19,270.67,3.9,,1249.68,,False,0,2026-08-25 11:43:14.978701
4d21f2,RYR1PT  ,Malta,1787658184,1787658187,15.8457,42.7696,10972.8,False,220.43,207.52,0.0,,11521.44,5642,False,0,2026-08-25 11:43:14.978701
4d21dc,KMM395  ,Malta,1787658187,1787658187,10.9047,42.2061,11902.44,False,248.12,156.41,-0.33,,12481.56,3163,False,0,2026-08-25 11:43:14.978701
4d21dd,WMT515  ,Malta,1787658187,1787658187,14.9181,42.0388,10972.8,False,210.93,247.94,-0.33,,11559.54,4152,False,0,2026-08-25 11:43:14.978701
ac0906,AAL715  ,United States,1787658188,1787658188,12.4563,45.5316,1089.66,False,101.42,98.46,7.48,,1150.62,0242,False,0,2026-08-25 11:43:14.978701
45d972,VKG723  ,Denmark,1787658188,1787658188,8.0299,44.0313,12192.0,False,258.34,43.71,0.0,,12717.78,1000,False,0,2026-08-25 11:43:14.978701
4d20ed,AEZ213A ,Malta,1787657980,1787657980,12.2571,41.8564,91.44,False,71.6,162.87,-3.9,,144.78,,False,0,2026-08-25 11:43:14.978701
4d20ef,CHZ705  ,Malta,1787658188,1787658188,14.1643,44.7134,12496.8,False,232.82,315.54,0.0,,12999.72,3727,False,0,2026-08-25 11:43:14.978701
4d20fd,WMT8WR  ,Malta,1787658187,1787658187,8.7227,45.6107,,True,9.77,168.75,,,,1000,False,0,2026-08-25 11:43:14.978701
33fc53,PROVA21 ,Italy,1787658187,1787658187,8.5808,45.8497,457.2,False,65.86,118.97,-2.28,,518.16,4612,False,0,2026-08-25 11:43:14.978701
3003af,AUA543  ,Italy,1787658188,1787658188,14.2586,46.4223,9144.0,False,218.29,253.57,0.0,,9486.9,1000,False,0,2026-08-25 11:43:14.978701
485a81,TFL6BH  ,Kingdom of the Netherlands,1787658188,1787658188,18.1643,46.3661,11582.4,False,217.9,309.25,0.0,,12062.46,2644,False,0,2026-08-25 11:43:14.978701
800c3e,AIC2026 ,India,1787658188,1787658188,15.9547,43.4287,10668.0,False,267.06,148.79,0.0,,11201.4,5546,False,0,2026-08-25 11:43:14.978701
39b16f,FHMLP   ,France,1787657923,1787657923,9.1982,41.6811,1501.14,False,85.13,154.21,-6.83,,1638.3,,False,0,2026-08-25 11:43:14.978701
4d2238,RYR8592 ,Malta,1787658188,1787658188,12.228,42.5367,10050.78,False,251.89,149.3,-0.33,,10591.8,1000,False,0,2026-08-25 11:43:14.978701
461a85,FSF120A ,Finland,1787658188,1787658188,11.0017,46.3372,6705.6,False,145.71,28.47,0.0,,7018.02,1000,False,0,2026-08-25 11:43:14.978701
34714e,VOE1827 ,Spain,1787658062,1787658062,12.8068,39.0919,5821.68,False,221.56,150.82,-20.81,,6294.12,1000,False,0,2026-08-25 11:43:14.978701
34714d,VOE8FP  ,Spain,1787658188,1787658188,6.6353,45.3125,7261.86,False,217.27,299.66,-15.93,,7650.48,1000,False,0,2026-08-25 11:43:14.978701
4c0263,ASL27D  ,Serbia,1787658188,1787658188,14.4212,47.0958,10363.2,False,224.71,285.95,0.33,,10774.68,6003,False,0,2026-08-25 11:43:14.978701
4c0260,ASL56C  ,Serbia,1787658187,1787658187,18.0399,43.9865,8534.4,False,199.76,236.02,0.33,,8953.5,4536,False,0,2026-08-25 11:43:14.978701
4d2217,RYR7QP  ,Malta,1787658186,1787658188,16.0747,43.9114,11887.2,False,251.32,130.77,-0.33,,12412.98,0232,False,0,2026-08-25 11:43:14.978701
4d2219,RYR84FW ,Malta,1787658188,1787658188,11.7212,44.7964,6248.4,False,195.32,285.43,-12.68,,6560.82,2651,False,0,2026-08-25 11:43:14.978701
4d2225,RYR98RD ,Malta,1787658187,1787658188,10.9638,44.0246,10058.4,False,241.64,156.27,0.0,,10538.46,1000,False,0,2026-08-25 11:43:14.978701
4d2220,RYR57YG ,Malta,1787658183,1787658183,9.6169,39.1358,2575.56,False,126.99,253.77,-7.48,,2811.78,5152,False,0,2026-08-25 11:43:14.978701
4d2221,RYR8CD  ,Malta,1787658186,1787658187,15.1548,44.2591,5036.82,False,155.8,307.89,15.61,,5280.66,1000,False,0,2026-08-25 11:43:14.978701
4d226e,RYR9HD  ,Malta,1787658187,1787658188,15.3219,37.706,4122.42,False,137.87,345.96,4.88,,4465.32,,False,0,2026-08-25 11:43:14.978701
4d2273,RYR73EL ,Malta,1787658188,1787658188,14.0408,40.637,10058.4,False,246.47,132.72,0.0,,10645.14,1000,False,0,2026-08-25 11:43:14.978701
4d2275,RYR4521 ,Malta,1787658188,1787658188,12.2951,41.4489,10972.8,False,207.63,319.52,0.0,,11582.4,,False,0,2026-08-25 11:43:14.978701
406011,EZY58JT ,United Kingdom,1787658188,1787658188,14.4955,35.8455,,True,2.57,320.62,,,,1155,False,0,2026-08-25 11:43:14.978701
3c55c3,EWG59EL ,Germany,1787658188,1787658188,8.9807,44.4207,10972.8,False,233.63,1.39,-0.33,,11468.1,0474,False,0,2026-08-25 11:43:14.978701
4d224e,RYR84QL ,Malta,1787658188,1787658188,11.1632,45.213,10058.4,False,236.44,166.02,0.0,,10492.74,2572,False,0,2026-08-25 11:43:14.978701
3c55c8,EWG48K  ,Germany,1787658188,1787658188,8.579,45.6818,10668.0,False,225.97,187.98,0.0,,11109.96,0431,False,0,2026-08-25 11:43:14.978701
4d2262,RYR98ZY ,Malta,1787658188,1787658188,14.8184,45.0439,11277.6,False,223.66,149.6,-0.33,,11772.9,2535,False,0,2026-08-25 11:43:14.978701
4d2265,RYR1RH  ,Malta,1787658188,1787658188,11.6473,40.6452,10363.2,False,222.49,338.0,0.33,,10965.18,,False,0,2026-08-25 11:43:14.978701
49328a,NJE116V ,Portugal,1787658188,1787658188,11.6542,43.1587,10012.68,False,215.22,331.6,-5.2,,10530.84,1000,False,0,2026-08-25 11:43:14.978701
4d216a,WMT5EF  ,Malta,1787658188,1787658188,7.4874,44.1316,10058.4,False,201.52,240.82,0.0,,10553.7,4016,False,0,2026-08-25 11:43:14.978701
493287,NJE155Y ,Portugal,1787658150,1787658150,12.5618,41.8472,381.0,False,64.89,152.62,-2.28,,480.06,6565,False,0,2026-08-25 11:43:14.978701
4d217a,VJT645  ,Malta,1787658187,1787658187,11.6124,41.8214,9753.6,False,203.4,309.97,0.0,,10317.48,,False,0,2026-08-25 11:43:14.978701
300557,DLH8FA  ,Italy,1787658158,1787658160,9.279,45.4578,,True,0.0,90.0,,,,,False,0,2026-08-25 11:43:14.978701
300558,DLA5KE  ,Italy,1787658187,1787658187,12.4927,45.4632,2560.32,False,112.5,259.46,14.31,,2697.48,1000,False,0,2026-08-25 11:43:14.978701
30055b,DLH9EE  ,Italy,1787658154,1787658154,7.6472,45.2051,,True,13.38,182.81,,,,1000,False,0,2026-08-25 11:43:14.978701
710051,SVA366  ,Saudi Arabia,1787658188,1787658188,16.4915,35.8529,11887.2,False,269.38,101.01,0.33,,12618.72,6173,False,0,2026-08-25 11:43:14.978701
4cac24,RYR4XV  ,Ireland,1787658187,1787658187,13.0364,45.3134,10965.18,False,211.02,297.75,0.33,,11430.0,3714,False,0,2026-08-25 11:43:14.978701
4cac36,NOS2681 ,Ireland,1787658188,1787658188,8.7288,45.6085,274.32,False,78.69,348.69,-3.9,,312.42,2075,False,0,2026-08-25 11:43:14.978701
4cac7a,SAS2814 ,Ireland,1787658188,1787658188,7.32,42.1157,11597.64,False,253.71,42.95,0.0,,12192.0,5540,False,0,2026-08-25 11:43:14.978701
4cac87,RYR31TG ,Ireland,1787658187,1787658187,15.2549,44.4689,11887.2,False,260.31,72.28,0.0,,12412.98,3457,False,0,2026-08-25 11:43:14.978701
4cac84,RYR3KV  ,Ireland,1787658188,1787658188,13.4894,45.249,11582.4,False,214.21,297.3,0.0,,12054.84,2001,False,0,2026-08-25 11:43:14.978701
4cac8d,NOS62ST ,Ireland,1787658188,1787658188,11.483,38.9562,11887.2,False,242.24,186.34,0.0,,12557.76,0224,False,0,2026-08-25 11:43:14.978701
4d20f3,WMT7JJ  ,Malta,1787658187,1787658188,12.418,41.0184,10378.44,False,210.19,320.66,0.0,,10988.04,,False,0,2026-08-25 11:43:14.978701
400a25,BAW601Y ,United Kingdom,1787658188,1787658188,11.1075,46.2503,8808.72,False,227.01,331.29,6.18,,9204.96,0273,False,0,2026-08-25 11:43:14.978701
4d20bd,WMT7286 ,Malta,1787658188,1787658188,13.9716,44.4378,8823.96,False,218.65,311.57,-4.88,,9265.92,7353,False,0,2026-08-25 11:43:14.978701
04c11b,KQA109  ,Kenya,1787658187,1787658188,9.9481,44.6247,11887.2,False,278.94,127.36,-0.33,,12397.74,2713,False,0,2026-08-25 11:43:14.978701
40832c,TOM8HG  ,United Kingdom,1787658187,1787658188,17.3868,43.5581,10972.8,False,239.76,20.34,0.0,,11513.82,6636,False,0,2026-08-25 11:43:14.978701
40837c,EXS8UM  ,United Kingdom,1787658187,1787658188,12.6771,38.9137,10972.8,False,209.58,313.81,0.0,,11635.74,4306,False,0,2026-08-25 11:43:14.978701
4caab4,ITY1174 ,Ireland,1787658188,1787658188,10.7421,42.646,10355.58,False,206.37,333.82,0.0,,10911.84,1000,False,0,2026-08-25 11:43:14.978701
010161,MSR731  ,Egypt,1787658188,1787658188,18.3695,46.8176,10972.8,False,234.7,320.69,0.0,,11437.62,2650,False,0,2026-08-25 11:43:14.978701
300242,IDPCT   ,Italy,1787657980,1787657980,12.5853,41.8153,198.12,False,45.56,186.48,-6.83,,297.18,,False,0,2026-08-25 11:43:14.978701
300249,CAN26   ,Italy,1787658159,1787658159,15.0629,41.5018,868.68,False,84.63,327.66,-0.33,,982.98,,False,0,2026-08-25 11:43:14.978701
4d207a,AEZ2380 ,Malta,1787658188,1787658188,8.5848,40.8589,4876.8,False,125.05,358.59,-0.33,,5212.08,,False,0,2026-08-25 11:43:14.978701
4d207b,AEZ2039 ,Malta,1787658188,1787658188,14.3571,40.5883,2964.18,False,150.05,130.13,-7.15,,3185.16,7423,False,0,2026-08-25 11:43:14.978701
4d207c,RYR3914 ,Malta,1787658070,1787658074,12.5122,44.0759,525.78,False,92.0,127.96,-5.2,,571.5,5113,False,0,2026-08-25 11:43:14.978701
30023e,CAN8    ,Italy,1787658188,1787658188,13.2756,41.4317,861.06,False,69.8,340.63,1.63,,952.5,,False,0,2026-08-25 11:43:14.978701
4d2086,EWG4392 ,Malta,1787658187,1787658187,18.2974,44.1998,11292.84,False,229.48,145.13,0.33,,11841.48,7157,False,0,2026-08-25 11:43:14.978701
4d2068,WMT3778 ,Malta,1787658188,1787658188,13.7721,45.2459,8214.36,False,245.53,91.92,8.45,,8587.74,0256,False,0,2026-08-25 11:43:14.978701
4b18f2,EDW131G ,Switzerland,1787658188,1787658188,18.3612,36.4988,10370.82,False,218.7,305.52,-0.33,,11033.76,,False,0,2026-08-25 11:43:14.978701
4b18f5,EDW69A  ,Switzerland,1787658188,1787658188,13.7607,44.3849,11582.4,False,231.44,325.78,-0.33,,12092.94,1000,False,0,2026-08-25 11:43:14.978701
71012f,SVA211  ,Saudi Arabia,1787658179,1787658179,8.7145,45.6315,,True,0.32,199.69,,,,2003,False,0,2026-08-25 11:43:14.978701
4d2092,WMT283  ,Malta,1787658188,1787658188,7.9862,44.9827,3870.96,False,183.44,148.18,14.31,,4076.7,4667,False,0,2026-08-25 11:43:14.978701
4cab3d,GJI85U  ,Ireland,1787658187,1787658188,14.296,44.2612,10972.8,False,207.3,310.37,0.98,,11475.72,5526,False,0,2026-08-25 11:43:14.978701
40717f,EXS38N  ,United Kingdom,1787658188,1787658188,15.9537,46.2136,10972.8,False,216.51,316.44,0.0,,11414.76,2026,False,0,2026-08-25 11:43:14.978701
4b194f,SWR533X ,Switzerland,1787658188,1787658188,7.1324,46.867,5562.6,False,173.46,231.26,-9.75,,5829.3,1000,False,0,2026-08-25 11:43:14.978701
7100bb,SVA237  ,Saudi Arabia,1787658188,1787658188,8.7218,45.1534,11292.84,False,206.82,300.33,-2.28,,11765.28,5510,False,0,2026-08-25 11:43:14.978701
4b194a,SWR502V ,Switzerland,1787658188,1787658188,13.4925,46.9447,10370.82,False,212.36,301.23,-0.33,,10774.68,1141,False,0,2026-08-25 11:43:14.978701
a3ac7f,N336EB  ,United States,1787658188,1787658188,12.4975,41.835,1531.62,False,116.72,59.25,-5.53,,1661.16,1000,False,0,2026-08-25 11:43:14.978701
3c66ea,DLH6YX  ,Germany,1787658188,1787658188,15.5938,46.3291,10972.8,False,231.38,318.33,-0.33,,11452.86,1000,False,0,2026-08-25 11:43:14.978701
4d2035,KMM101  ,Malta,1787658188,1787658188,10.2415,42.4609,11902.44,False,258.15,152.72,-0.33,,12504.42,0546,False,0,2026-08-25 11:43:14.978701
4d201f,WMT6CY  ,Malta,1787658188,1787658188,15.0942,44.652,10980.42,False,225.84,308.62,-0.98,,11506.2,5604,False,0,2026-08-25 11:43:14.978701
4d2016,ALE85   ,Malta,1787658187,1787658188,11.3856,38.1366,8839.2,False,148.79,135.7,0.0,,9456.42,5671,False,0,2026-08-25 11:43:14.978701
3c66a4,DLH3NC  ,Germany,1787656643,1787658187,18.2296,46.7446,8686.8,False,220.6,287.93,0.0,,10828.02,1000,False,0,2026-08-25 11:43:14.978701
4d201a,AEZ47LG ,Malta,1787658188,1787658188,9.3686,44.5833,4434.84,False,174.01,355.08,-6.5,,4663.44,5452,False,0,2026-08-25 11:43:14.978701
3c66b6,OCN2B   ,Germany,1787658188,1787658188,15.013,45.2706,10668.0,False,231.56,144.4,-0.33,,11140.44,1000,False,0,2026-08-25 11:43:14.978701
4d2021,WMT177  ,Malta,1787658188,1787658188,14.9432,45.8315,10355.58,False,197.37,254.12,0.0,,10805.16,6047,False,0,2026-08-25 11:43:14.978701
4d2022,WMT9KF  ,Malta,1787658181,1787658181,12.898,39.0312,6431.28,False,186.17,152.16,-14.63,,6941.82,1000,False,0,2026-08-25 11:43:14.978701
4082cb,TOM3EA  ,United Kingdom,1787658188,1787658188,10.8827,45.0651,11582.4,False,224.41,349.57,-0.33,,12054.84,1247,False,0,2026-08-25 11:43:14.978701
4b17de,SWR5LD  ,Switzerland,1787658188,1787658188,10.0761,44.6442,10668.0,False,229.77,159.01,0.0,,11163.3,1000,False,0,2026-08-25 11:43:14.978701
4082f2,NJU610L ,United Kingdom,1787658188,1787658188,7.6936,46.168,5791.2,False,142.46,67.05,0.33,,6057.9,5731,False,0,2026-08-25 11:43:14.978701
4b17fb,SWR248Z ,Switzerland,1787658188,1787658188,12.0156,43.3983,11277.6,False,233.63,164.68,0.0,,11833.86,1000,False,0,2026-08-25 11:43:14.978701
4b17fe,SWR330P ,Switzerland,1787658187,1787658187,12.8287,41.5995,10972.8,False,197.24,302.32,0.0,,11574.78,,False,0,2026-08-25 11:43:14.978701
399893,FHGET   ,France,1787658188,1787658188,12.7663,40.3935,7315.2,False,103.98,271.98,0.0,,7810.5,,False,0,2026-08-25 11:43:14.978701
398562,AFR59VR ,France,1787658188,1787658188,8.6564,44.4806,10972.8,False,202.21,325.26,0.0,,11445.24,1000,False,0,2026-08-25 11:43:14.978701
4caa58,RYR1101 ,Ireland,1787658181,1787658181,8.7337,45.6104,,True,8.75,348.75,,,,1000,False,0,2026-08-25 11:43:14.978701
39de59,TVF98NQ ,France,1787667971,1787667972,8.8343,44.2921,10972.8,False,204.2,325.47,0.0,,11490.96,1000,False,0,2026-08-25 14:26:15.818294
39de55,TVF49ES ,France,1787667971,1787667971,6.9901,43.7399,11894.82,False,264.77,120.6,0.0,,12458.7,7674,False,0,2026-08-25 14:26:15.818294
39de42,TVF8965 ,France,1787667972,1787667972,10.1139,41.4181,11582.4,False,220.21,353.16,0.65,,12214.86,6142,False,0,2026-08-25 14:26:15.818294
39de41,TVF39PQ ,France,1787667885,1787667887,17.6671,41.2265,11574.78,False,209.37,308.62,-0.33,,12199.62,,False,0,2026-08-25 14:26:15.818294
440298,OECCL   ,Austria,1787667971,1787667971,12.5219,41.9639,350.52,False,46.43,164.58,2.28,,411.48,,False,0,2026-08-25 14:26:15.818294
4bc8d4,PGT750Y ,Turkey,1787667972,1787667972,7.9681,39.7186,10972.8,False,255.08,80.48,0.0,,11658.6,1417,False,0,2026-08-25 14:26:15.818294
4bc8d2,PGT52DE ,Turkey,1787667972,1787667972,8.9606,40.9784,10370.82,False,260.26,74.29,0.0,,11003.28,0211,False,0,2026-08-25 14:26:15.818294
3455d7,VOE7NQ  ,Spain,1787667972,1787667972,15.6776,40.4818,11285.22,False,249.68,113.82,0.0,,11932.92,0214,False,0,2026-08-25 14:26:15.818294
440248,EJU31LH ,Austria,1787667971,1787667972,11.0336,46.3697,8237.22,False,190.04,243.3,-0.33,,8633.46,1000,False,0,2026-08-25 14:26:15.818294
4acb59,SAS91Y  ,Sweden,1787667972,1787667972,9.8627,45.8119,8755.38,False,239.94,77.87,9.43,,9166.86,0461,False,0,2026-08-25 14:26:15.818294
3c5ee8,EWG6NM  ,Germany,1787667971,1787667972,11.8667,46.644,11277.6,False,228.74,169.37,0.33,,11696.7,1132,False,0,2026-08-25 14:26:15.818294
3c5ee7,EWG32G  ,Germany,1787667972,1787667972,11.4303,46.1467,11582.4,False,223.51,357.36,0.33,,12009.12,1233,False,0,2026-08-25 14:26:15.818294
46b82f,AEE617  ,Greece,1787667957,1787667968,16.409,43.1014,11277.6,False,243.66,126.24,0.0,,11849.1,2220,False,0,2026-08-25 14:26:15.818294
4cc2a3,ICE949  ,Iceland,1787667972,1787667972,11.2748,46.7023,10363.2,False,221.78,349.58,0.0,,10767.06,0272,False,0,2026-08-25 14:26:15.818294
4400f3,EJU64XZ ,Austria,1787667971,1787667971,14.5515,40.3946,4693.92,False,207.08,138.83,12.03,,5059.68,,False,0,2026-08-25 14:26:15.818294
4400eb,EJU63AG ,Austria,1787667693,1787667970,7.218,43.6643,,True,0.0,132.19,,,,,False,0,2026-08-25 14:26:15.818294
471f9a,WZZ562  ,Hungary,1787667972,1787667972,15.0922,41.08,6583.68,False,217.25,62.04,10.73,,7002.78,,False,0,2026-08-25 14:26:15.818294
471f6e,WMT626  ,Hungary,1787667971,1787667971,11.4555,44.6821,2217.42,False,144.24,42.11,8.13,,2324.1,0265,False,0,2026-08-25 14:26:15.818294
471f7a,WMT616  ,Hungary,1787667972,1787667972,12.6467,40.703,10363.2,False,213.25,267.1,0.0,,10972.8,,False,0,2026-08-25 14:26:15.818294
4400c0,OEDAY   ,Austria,1787667971,1787667971,8.7511,44.1416,2476.5,False,60.56,73.72,1.63,,2628.9,,False,0,2026-08-25 14:26:15.818294
4a2023,HLJ5AH  ,Romania,1787667972,1787667972,12.6972,38.129,11269.98,False,243.11,187.05,0.0,,11978.64,4134,False,0,2026-08-25 14:26:15.818294
471f64,WZZ10VV ,Hungary,1787667970,1787667972,15.0168,39.6237,10972.8,False,210.53,285.16,0.0,,11620.5,7344,True,0,2026-08-25 14:26:15.818294
5003a4,T7ADX   ,San Marino,1787667971,1787667972,17.721,37.4564,13716.0,False,283.07,115.17,0.0,,14424.66,1257,False,0,2026-08-25 14:26:15.818294
471f38,WZZ3NZ  ,Hungary,1787667971,1787667971,18.4121,45.7673,10965.18,False,248.51,0.95,0.0,,11468.1,4540,False,0,2026-08-25 14:26:15.818294
471f02,WMT3685 ,Hungary,1787667972,1787667972,14.5262,42.4514,3291.84,False,169.87,96.61,9.75,,3505.2,,False,0,2026-08-25 14:26:15.818294
5003e8,T7VRS   ,San Marino,1787667972,1787667972,14.1424,46.167,11582.4,False,203.51,294.49,-0.65,,12054.84,5525,False,0,2026-08-25 14:26:15.818294
4402a3,AUA377  ,Austria,1787667972,1787667972,9.0208,45.4698,10652.76,False,209.43,234.4,-2.93,,11125.2,1000,False,0,2026-08-25 14:26:15.818294
490689,GDM202  ,Portugal,1787667766,1787667766,10.2407,42.7979,609.6,False,76.9,184.6,-4.23,,693.42,,False,0,2026-08-25 14:26:15.818294
3430cd,VOE82YY ,Spain,1787667971,1787667971,9.5881,42.9329,1836.42,False,123.79,137.36,-3.9,,1996.44,1000,False,0,2026-08-25 14:26:15.818294
4aca08,NSZ5352 ,Sweden,1787667972,1787667972,6.6522,43.0042,10972.8,False,257.93,44.27,0.0,,11544.3,1000,False,0,2026-08-25 14:26:15.818294
50031c,LSM25B  ,San Marino,1787667728,1787667728,9.086,39.2241,152.4,False,56.86,318.67,-1.63,,243.84,2336,False,0,2026-08-25 14:26:15.818294
471fa4,WMT3XC  ,Hungary,1787667971,1787667972,12.5974,45.7043,10660.38,False,244.93,138.58,-0.33,,11117.58,0246,False,0,2026-08-25 14:26:15.818294
471fa5,WMT9731 ,Hungary,1787667909,1787667909,15.8912,42.2329,10980.42,False,210.89,317.87,0.33,,11582.4,,False,0,2026-08-25 14:26:15.818294
471fae,WZZ6478 ,Hungary,1787667972,1787667972,9.6338,45.5596,10675.62,False,208.85,226.2,-0.33,,11132.82,1000,False,0,2026-08-25 14:26:15.818294
0180bd,,Libyan Arab Jamahiriya,1787667852,1787667852,10.1193,36.9412,1744.98,False,130.41,235.93,17.88,,1950.72,6173,False,0,2026-08-25 14:26:15.818294
8015cd,AIC112  ,India,1787667943,1787667960,15.6234,43.25,11277.6,False,264.64,137.13,0.33,,11818.62,2705,False,0,2026-08-25 14:26:15.818294
4bc84e,PGT35KF ,Turkey,1787667962,1787667971,18.4992,43.4141,10668.0,False,251.62,96.46,0.0,,11216.64,0446,False,0,2026-08-25 14:26:15.818294
4bc85a,PGT972L ,Turkey,1787667969,1787667970,18.0488,43.9602,10668.0,False,249.67,104.44,0.33,,11209.02,0256,False,0,2026-08-25 14:26:15.818294
4bc88b,PGT389G ,Turkey,1787667971,1787667972,11.7292,45.6653,10363.2,False,212.12,305.42,0.0,,10828.02,3215,False,0,2026-08-25 14:26:15.818294
4bc89a,PGT84V  ,Turkey,1787667972,1787667972,16.3008,43.8674,11285.22,False,254.86,98.47,0.33,,11826.24,0471,False,0,2026-08-25 14:26:15.818294
3d1187,DEEWT   ,Germany,1787667971,1787667972,13.4832,45.0182,2308.86,False,70.48,320.03,-0.33,,2423.16,6777,False,0,2026-08-25 14:26:15.818294
4bc882,PGT365M ,Turkey,1787667971,1787667971,15.1268,43.0521,11277.6,False,260.97,85.93,0.0,,11849.1,4301,False,0,2026-08-25 14:26:15.818294
4b0f0a,PCH060  ,Switzerland,1787667962,1787667962,8.3937,46.9734,,True,3.34,272.81,,,,1507,False,0,2026-08-25 14:26:15.818294
440053,EJU63KL ,Austria,1787667972,1787667972,10.5543,46.8366,11894.82,False,245.92,125.12,0.0,,12336.78,0660,False,0,2026-08-25 14:26:15.818294
738058,ELY371  ,Israel,1787667971,1787667971,10.0715,39.1519,11277.6,False,211.85,289.58,0.0,,11948.16,2233,False,0,2026-08-25 14:26:15.818294
44006e,AUA75K  ,Austria,1787667971,1787667971,16.1949,46.7508,8884.92,False,238.1,348.79,-5.53,,9288.78,7142,False,0,2026-08-25 14:26:15.818294
3453c3,VLG7GP  ,Spain,1787667970,1787667970,6.7309,43.3804,3451.86,False,157.66,93.18,-4.88,,3657.6,1000,False,0,2026-08-25 14:26:15.818294
70209b,BBC355  ,Bangladesh,1787667869,1787667869,17.1282,40.9381,12184.38,False,232.08,271.4,0.0,,12824.46,4771,False,0,2026-08-25 14:26:15.818294
472fd0,JSD219  ,Hungary,1787667972,1787667972,13.4889,43.5767,10050.78,False,258.16,122.55,0.0,,10530.84,3752,False,0,2026-08-25 14:26:15.818294
300a00,SNM923  ,Italy,1787667802,1787667802,12.6034,41.787,167.64,False,64.67,332.01,-3.25,,251.46,,False,0,2026-08-25 14:26:15.818294
89611e,UAE136  ,United Arab Emirates,1787667968,1787667968,17.3286,41.7274,11277.6,False,265.61,151.8,0.0,,11871.96,0233,False,0,2026-08-25 14:26:15.818294
c0590f,CGHSW   ,Canada,1787667971,1787667971,13.8342,44.4336,13106.4,False,251.23,340.38,0.0,,13594.08,1224,False,0,2026-08-25 14:26:15.818294
471d68,WZZ3061 ,Hungary,1787667972,1787667972,10.0457,40.823,10668.0,False,205.39,272.01,0.0,,11300.46,2037,False,0,2026-08-25 14:26:15.818294
471d62,WZZ25GZ ,Hungary,1787667971,1787667972,17.5266,45.1791,10363.2,False,206.15,266.57,0.33,,10850.88,7355,False,0,2026-08-25 14:26:15.818294
471d67,WZZ8640 ,Hungary,1787667971,1787667971,17.453,44.4293,10378.44,False,213.76,304.61,0.0,,10881.36,4320,False,0,2026-08-25 14:26:15.818294
471d5a,WZZ2471 ,Hungary,1787667971,1787667972,17.4646,46.1071,9753.6,False,203.35,225.1,-0.33,,10172.7,1000,False,0,2026-08-25 14:26:15.818294
471d5b,WZZ1486 ,Hungary,1787667972,1787667972,7.8287,43.8427,10363.2,False,259.06,63.59,0.0,,10911.84,1000,False,0,2026-08-25 14:26:15.818294
471d5e,WMT6KJ  ,Hungary,1787667972,1787667972,15.8778,39.1327,8763.0,False,262.73,145.13,4.23,,9357.36,,False,0,2026-08-25 14:26:15.818294
896190,UAE46   ,United Arab Emirates,1787667972,1787667972,16.8594,47.0276,11887.2,False,266.64,108.33,0.0,,12321.54,7703,False,0,2026-08-25 14:26:15.818294
47b12e,IGO58P  ,Norway,1787667970,1787667970,17.3025,41.8529,11887.2,False,265.33,152.14,0.33,,12534.9,5264,False,0,2026-08-25 14:26:15.818294
39dd42,CCM68JG ,France,1787667972,1787667972,9.0326,43.9632,10370.82,False,217.18,337.14,0.33,,10896.6,1000,False,0,2026-08-25 14:26:15.818294
39dd45,CCM28DO ,France,1787667970,1787667971,8.9162,44.462,11140.44,False,242.08,174.02,-10.73,,11658.6,1000,False,0,2026-08-25 14:26:15.818294
440175,EJU9704 ,Austria,1787667970,1787667970,7.2312,43.6716,76.2,False,59.66,224.3,-3.58,,114.3,5376,False,0,2026-08-25 14:26:15.818294
39dd54,CCM17KY ,France,1787667705,1787667710,9.1292,41.4604,1310.64,False,127.65,110.77,-7.15,,1409.7,1000,False,0,2026-08-25 14:26:15.818294
39dd53,CCM48BZ ,France,1787667970,1787667970,9.2551,41.456,1630.68,False,102.36,81.91,-5.2,,1790.7,1000,False,0,2026-08-25 14:26:15.818294
471dbd,WMT437  ,Hungary,1787667972,1787667972,12.0338,40.3058,10111.74,False,207.06,344.58,-5.2,,10751.82,6566,False,0,2026-08-25 14:26:15.818294
45caa2,DTR1836 ,Denmark,1787667971,1787667971,12.5801,37.5947,2827.02,False,137.57,52.44,-11.05,,3108.96,5470,False,0,2026-08-25 14:26:15.818294
300a86,ITY227  ,Italy,1787667972,1787667972,8.6466,46.235,8305.8,False,246.02,174.48,-12.03,,8724.9,0514,False,0,2026-08-25 14:26:15.818294
440141,EJU71KT ,Austria,1787667971,1787667972,8.9988,45.629,3688.08,False,160.41,164.18,-7.8,,3901.44,1000,False,0,2026-08-25 14:26:15.818294
440159,EJU51ZW ,Austria,1787667968,1787667969,16.2772,41.5014,11574.78,False,211.22,300.44,0.0,,12207.24,,False,0,2026-08-25 14:26:15.818294
356343,AME4538 ,Spain,1787667971,1787667972,8.9164,44.9171,11894.82,False,208.35,230.61,0.0,,12405.36,1353,False,0,2026-08-25 14:26:15.818294
452130,CGF1906 ,Bulgaria,1787667972,1787667972,13.9807,45.9472,10668.0,False,245.02,148.48,-0.33,,11094.72,1374,False,0,2026-08-25 14:26:15.818294
471dad,WMT1KW  ,Hungary,1787667971,1787667972,11.4063,45.2828,9144.0,False,246.94,103.37,0.33,,9578.34,0452,False,0,2026-08-25 14:26:15.818294
471db4,WZZ884Y ,Hungary,1787667971,1787667972,11.4188,46.4604,10675.62,False,211.59,239.94,0.33,,11117.58,1331,False,0,2026-08-25 14:26:15.818294
471db0,WMT7LN  ,Hungary,1787667972,1787667972,15.0114,41.1583,3352.8,False,118.13,232.43,-0.33,,3589.02,1000,False,0,2026-08-25 14:26:15.818294
300a3b,ITY160  ,Italy,1787667970,1787667972,11.57,43.4706,9951.72,False,225.12,356.99,6.83,,10477.5,1000,False,0,2026-08-25 14:26:15.818294
300a4d,IOZZW   ,Italy,1787667971,1787667972,11.6775,44.5115,350.52,False,49.17,42.03,-0.98,,381.0,,False,0,2026-08-25 14:26:15.818294
440115,EJU14TW ,Austria,1787667971,1787667971,11.6408,38.6165,10972.8,False,216.22,351.79,0.33,,11658.6,3762,False,0,2026-08-25 14:26:15.818294
4bb1e5,THY3NV  ,Turkey,1787667971,1787667972,18.0082,46.978,11582.4,False,219.74,295.67,0.0,,12031.98,1000,False,0,2026-08-25 14:26:15.818294
4bb1c4,THY1HZ  ,Turkey,1787667971,1787667972,18.2679,47.0188,11582.4,False,208.72,299.53,0.0,,12024.36,5352,False,0,2026-08-25 14:26:15.818294
4892c6,ENT8BY  ,Poland,1787667972,1787667972,12.9975,46.7413,10363.2,False,220.2,228.79,0.0,,10782.3,7233,False,0,2026-08-25 14:26:15.818294
4bb1c6,THY3UY  ,Turkey,1787667971,1787667972,16.4986,45.9346,11582.4,False,214.16,299.03,0.0,,12047.22,3226,False,0,2026-08-25 14:26:15.818294
4b1fa1,HBLZL   ,Switzerland,1787667969,1787667969,10.3687,44.8004,1554.48,False,76.04,16.11,0.0,,1653.54,,False,0,2026-08-25 14:26:15.818294
34568d,VOE65YT ,Spain,1787667972,1787667972,6.8926,41.6449,10957.56,False,211.92,312.44,0.0,,11597.64,1000,False,0,2026-08-25 14:26:15.818294
345691,IBE0844 ,Spain,1787667971,1787667971,15.2078,40.6348,9753.6,False,209.38,270.14,0.0,,10347.96,,False,0,2026-08-25 14:26:15.818294
7380c1,ELY106  ,Israel,1787667971,1787667971,16.0043,43.0558,11887.2,False,272.17,118.94,-0.33,,12473.94,0467,False,0,2026-08-25 14:26:15.818294
a340c8,N309AG  ,United States,1787667971,1787667971,7.0625,45.2086,11887.2,False,245.91,134.66,0.0,,12390.12,5244,False,0,2026-08-25 14:26:15.818294
345615,ANE1256 ,Spain,1787667972,1787667972,11.133,45.0308,7901.94,False,200.44,250.82,6.83,,8298.18,1000,False,0,2026-08-25 14:26:15.818294
345612,VOE54LL ,Spain,1787667970,1787667971,14.3432,42.0298,11567.16,False,192.53,284.7,0.0,,12169.14,2046,False,0,2026-08-25 14:26:15.818294
4bb267,THY7AT  ,Turkey,1787667971,1787667971,12.4253,41.5431,4701.54,False,193.75,25.48,6.18,,5013.96,,False,0,2026-08-25 14:26:15.818294
506cde,S5CSS   ,Slovenia,1787667970,1787667971,16.4593,44.0881,10660.38,False,189.34,145.96,0.33,,11163.3,4165,False,0,2026-08-25 14:26:15.818294
44cdcc,BEL5WC  ,Belgium,1787667972,1787667972,14.3339,39.941,10988.04,False,211.04,331.94,0.33,,11620.5,,False,0,2026-08-25 14:26:15.818294
4bb286,THY663  ,Turkey,1787667971,1787667971,18.2688,39.6811,10363.2,False,213.31,236.31,0.33,,10988.04,2353,False,0,2026-08-25 14:26:15.818294
4bb282,THY5EC  ,Turkey,1787667972,1787667972,12.1258,37.3819,10370.82,False,219.65,249.15,0.0,,11071.86,2320,False,0,2026-08-25 14:26:15.818294
506cae,VIO1B   ,Slovenia,1787667971,1787667971,7.2089,43.657,,True,4.89,357.19,,,,1000,False,0,2026-08-25 14:26:15.818294
02013a,RAM950X ,Morocco,1787667972,1787667972,7.3889,43.6227,9151.62,False,260.72,58.47,0.0,,9646.92,1000,False,0,2026-08-25 14:26:15.818294
346690,VLG71KL ,Spain,1787667972,1787667972,9.5583,41.0827,9753.6,False,262.17,70.04,0.0,,10363.2,1000,False,0,2026-08-25 14:26:15.818294
46b2b8,MNS562  ,Greece,1787667971,1787667972,16.417,36.5909,10972.8,False,216.04,333.86,-0.33,,11666.22,4101,False,0,2026-08-25 14:26:15.818294
4c80a6,CYP342  ,Cyprus,1787667972,1787667972,13.4813,44.3603,10972.8,False,204.45,307.33,0.0,,11475.72,7343,False,0,2026-08-25 14:26:15.818294
4d03c2,NATO01  ,Luxembourg,1787667972,1787667972,14.7011,43.103,9448.8,False,193.07,308.18,0.0,,9997.44,7574,False,0,2026-08-25 14:26:15.818294
44ce78,BEL2WM  ,Belgium,1787667971,1787667972,11.6643,45.4682,7399.02,False,231.29,2.93,9.43,,7734.3,1000,False,0,2026-08-25 14:26:15.818294
32002f,VOLPE413,Italy,1787667890,1787667890,11.6631,42.0439,617.22,False,63.52,331.98,-0.33,,701.04,,False,0,2026-08-25 14:26:15.818294
346648,VOE1LU  ,Spain,1787667658,1787667658,14.2351,40.982,2133.6,False,155.98,59.04,0.65,,2308.86,1000,False,0,2026-08-25 14:26:15.818294
346644,VOE94RQ ,Spain,1787667972,1787667972,11.6281,43.336,10660.38,False,220.52,192.8,0.0,,11239.5,7432,False,0,2026-08-25 14:26:15.818294
4bb0e2,THY904  ,Turkey,1787667971,1787667971,11.7081,40.8285,12192.0,False,277.8,90.0,0.0,,12824.46,1150,False,0,2026-08-25 14:26:15.818294
4bb205,THY9LP  ,Turkey,1787667970,1787667971,17.7449,43.8931,9753.6,False,203.8,280.91,0.0,,10271.76,4155,False,0,2026-08-25 14:26:15.818294
4bb219,THY7HQ  ,Turkey,1787667970,1787667971,17.1919,40.6114,9753.6,False,207.32,269.86,0.0,,10347.96,2337,False,0,2026-08-25 14:26:15.818294
4bb20d,THY3DJ  ,Turkey,1787667972,1787667972,14.9108,42.896,10363.2,False,266.41,76.72,0.0,,10919.46,1260,False,0,2026-08-25 14:26:15.818294
8963f3,UAE88   ,United Arab Emirates,1787667972,1787667972,14.1264,46.0587,11285.22,False,268.12,134.3,0.0,,11719.56,3030,False,0,2026-08-25 14:26:15.818294
8963eb,UAE6AL  ,United Arab Emirates,1787667972,1787667972,7.4575,43.3353,3192.78,False,174.62,116.41,4.55,,3375.66,,False,0,2026-08-25 14:26:15.818294
489220,ENT774  ,Poland,1787667971,1787667972,14.86,40.9194,9753.6,False,212.71,246.78,0.0,,10363.2,,False,0,2026-08-25 14:26:15.818294
8963e8,UAE78L  ,United Arab Emirates,1787667971,1787667971,13.4188,40.5274,7917.18,False,275.87,113.17,6.83,,8404.86,,False,0,2026-08-25 14:26:15.818294
4067f3,TOM6HT  ,United Kingdom,1787667971,1787667972,7.2633,45.084,11277.6,False,270.67,123.84,0.0,,11788.14,7537,False,0,2026-08-25 14:26:15.818294
4067f0,TOM1WT  ,United Kingdom,1787667971,1787667971,11.6555,45.7635,10972.8,False,204.75,303.21,0.0,,11422.38,2015,False,0,2026-08-25 14:26:15.818294
4b1f2f,HBLVB   ,Switzerland,1787667971,1787667971,7.5951,46.9949,2438.4,False,83.35,88.94,0.0,,2583.18,1442,False,0,2026-08-25 14:26:15.818294
02005b,RAM940J ,Morocco,1787667717,1787667717,12.2567,41.8577,83.82,False,85.1,162.77,-3.25,,137.16,1000,False,0,2026-08-25 14:26:15.818294
344099,VLG2GF  ,Spain,1787667972,1787667972,6.6453,45.4464,10355.58,False,235.99,3.25,0.0,,10828.02,5522,False,0,2026-08-25 14:26:15.818294
4d02b7,JFA01F  ,Luxembourg,1787667894,1787667894,7.2038,43.6547,,True,0.0,137.81,,,,1000,False,0,2026-08-25 14:26:15.818294
484f50,FYG62V  ,Kingdom of the Netherlands,1787667971,1787667972,12.8448,41.0367,8145.78,False,211.75,145.69,-7.8,,8625.84,7302,False,0,2026-08-25 14:26:15.818294
4d02df,JFA86S  ,Luxembourg,1787667970,1787667970,14.6594,43.0469,10668.0,False,235.54,131.1,0.0,,11216.64,0541,False,0,2026-08-25 14:26:15.818294
3965a6,AFR647  ,France,1787667971,1787667972,15.4053,43.3188,10972.8,False,219.7,300.23,0.0,,11506.2,2006,False,0,2026-08-25 14:26:15.818294
3ccf01,ECA4RT  ,Germany,1787667972,1787667972,7.0439,45.9737,5486.4,False,108.8,329.92,3.58,,5760.72,5740,False,0,2026-08-25 14:26:15.818294
4bb074,THY5HK  ,Turkey,1787667971,1787667972,18.0741,47.0658,10363.2,False,216.55,297.9,-0.33,,10789.92,5351,False,0,2026-08-25 14:26:15.818294
4b1e21,HBLKR   ,Switzerland,1787667971,1787667972,7.8912,43.2136,944.88,False,70.39,285.26,0.0,,1028.7,,False,0,2026-08-25 14:26:15.818294
3008f0,IMYAR   ,Italy,1787667927,1787667927,14.8454,38.0521,1005.84,False,60.54,310.87,-4.23,,1127.76,,False,0,2026-08-25 14:26:15.818294
4b1e45,HBLMB   ,Switzerland,1787667972,1787667972,7.0751,46.9366,1363.98,False,70.35,302.76,0.0,,1470.66,6104,False,0,2026-08-25 14:26:15.818294
345041,VLG8AP  ,Spain,1787667971,1787667972,8.5843,40.864,10652.76,False,208.35,270.0,0.0,,11285.22,1213,False,0,2026-08-25 14:26:15.818294
345042,VLG9PK  ,Spain,1787667828,1787667831,12.3182,45.479,129.54,False,71.01,42.36,-3.9,,190.5,1000,False,0,2026-08-25 14:26:15.818294
40658a,CFE03C  ,United Kingdom,1787667972,1787667972,8.7704,45.9695,6842.76,False,219.86,151.34,-12.03,,7139.94,0544,False,0,2026-08-25 14:26:15.818294
ac3857,FDX7    ,United States,1787667971,1787667972,13.6,42.6716,10363.2,False,218.13,306.46,0.0,,10919.46,5522,False,0,2026-08-25 14:26:15.818294
506c45,FIX005  ,Slovenia,1787667972,1787667972,8.3418,45.3855,10553.7,False,228.6,197.42,-4.88,,11026.14,0750,False,0,2026-08-25 14:26:15.818294
407862,EXS33RY ,United Kingdom,1787667971,1787667972,11.8137,45.7981,10668.0,False,247.19,122.33,0.0,,11102.34,2235,False,0,2026-08-25 14:26:15.818294
44cc48,BEL3UF  ,Belgium,1787667972,1787667972,15.5437,46.4742,11894.82,False,251.34,132.01,0.0,,12329.16,0112,False,0,2026-08-25 14:26:15.818294
407838,EZY74WG ,United Kingdom,1787667972,1787667972,18.1021,47.0414,10972.8,False,214.01,297.8,0.0,,11407.14,3235,False,0,2026-08-25 14:26:15.818294
4076e3,BAW718  ,United Kingdom,1787667971,1787667972,17.4813,46.7256,11269.98,False,243.46,129.34,0.0,,11719.56,4724,False,0,2026-08-25 14:26:15.818294
8964a3,UAE20X  ,United Arab Emirates,1787667971,1787667972,15.2629,41.8702,10668.0,False,275.43,115.56,0.0,,11254.74,5722,False,0,2026-08-25 14:26:15.818294
4b8643,TCARC   ,Turkey,1787667971,1787667971,9.7662,45.3508,4648.2,False,221.09,112.87,14.96,,4907.28,3743,False,0,2026-08-25 14:26:15.818294
4b1bdd,HBKOJ   ,Switzerland,1787667971,1787667971,6.6174,46.5529,647.7,False,34.53,183.42,-2.93,,708.66,7000,False,0,2026-08-25 14:26:15.818294
3c48f0,LHX9TY  ,Germany,1787667971,1787667972,13.572,41.0583,7117.08,False,206.4,159.58,-8.13,,7597.14,1000,False,0,2026-08-25 14:26:15.818294
4b1bcc,HBKNS   ,Switzerland,1787667970,1787667970,12.3545,43.1178,868.68,False,58.77,113.2,-5.85,,944.88,2146,False,0,2026-08-25 14:26:15.818294
4d0257,PGQ01C  ,Luxembourg,1787667972,1787667972,10.8004,41.539,13106.4,False,246.95,338.62,0.65,,13708.38,6573,False,0,2026-08-25 14:26:15.818294
4078f0,EZY92ZM ,United Kingdom,1787667970,1787667971,12.5452,45.4834,11277.6,False,256.57,136.71,0.0,,11742.42,0563,False,0,2026-08-25 14:26:15.818294
406696,TOM65X  ,United Kingdom,1787667957,1787667957,16.6507,42.6141,11277.6,False,252.12,111.17,0.0,,11856.72,5252,False,0,2026-08-25 14:26:15.818294
4d0280,JFA35C  ,Luxembourg,1787667972,1787667972,8.0282,45.2356,6096.0,False,126.27,319.63,0.0,,6408.42,0216,False,0,2026-08-25 14:26:15.818294
a9553e,N700HA  ,United States,1787667614,1787667969,7.2279,43.6654,,True,0.0,219.38,,,,,False,0,2026-08-25 14:26:15.818294
406669,EZY96FH ,United Kingdom,1787667971,1787667971,16.8434,45.2309,11277.6,False,240.82,135.52,0.33,,11765.28,7322,False,0,2026-08-25 14:26:15.818294
89667b,UAE89Y  ,United Arab Emirates,1787667971,1787667972,18.0671,39.9818,11887.2,False,268.56,133.45,0.0,,12504.42,0277,False,0,2026-08-25 14:26:15.818294
40796c,TOM3AT  ,United Kingdom,1787667970,1787667971,7.2198,45.2069,12496.8,False,258.44,124.7,0.0,,13022.58,0557,False,0,2026-08-25 14:26:15.818294
345207,VLG3078 ,Spain,1787667971,1787667971,14.3196,40.7951,10668.0,False,256.81,91.61,0.0,,11285.22,3734,False,0,2026-08-25 14:26:15.818294
4d00d8,LGL6494 ,Luxembourg,1787667971,1787667972,8.6519,46.9939,7315.2,False,171.01,338.84,0.0,,7658.1,1000,False,0,2026-08-25 14:26:15.818294
4d00db,LGL951  ,Luxembourg,1787667972,1787667972,10.1158,40.9242,11887.2,False,228.67,177.29,0.0,,12527.28,3507,False,0,2026-08-25 14:26:15.818294
4ab530,SEMIP   ,Sweden,1787667971,1787667972,11.4413,45.7449,891.54,False,55.03,346.48,3.9,,967.74,7000,False,0,2026-08-25 14:26:15.818294
0201d2,RAM952Q ,Morocco,1787667971,1787667972,10.7939,44.5822,1996.44,False,116.65,300.18,-4.23,,2118.36,1000,False,0,2026-08-25 14:26:15.818294
4b1bc5,HBKNL   ,Switzerland,1787667901,1787667901,8.9346,46.153,662.94,False,38.35,83.07,-0.65,,708.66,,False,0,2026-08-25 14:26:15.818294
4b1bc6,HBKNM   ,Switzerland,1787667970,1787667970,8.895,46.1504,632.46,False,46.3,90.0,-1.3,,685.8,,False,0,2026-08-25 14:26:15.818294
4b1bc2,HBKNI   ,Switzerland,1787667971,1787667971,12.312,43.1337,1127.76,False,54.72,99.2,-2.93,,1211.58,2137,False,0,2026-08-25 14:26:15.818294
4ca4b0,ITY758  ,Ireland,1787667947,1787667965,17.3227,42.9322,10668.0,False,266.97,79.34,-0.33,,11224.26,5571,False,0,2026-08-25 14:26:15.818294
040197,ETH710  ,Ethiopia,1787667972,1787667972,10.3029,46.3307,12192.0,False,228.37,309.61,0.0,,12641.58,2752,False,0,2026-08-25 14:26:15.818294
4bcd82,SXS7NJ  ,Turkey,1787667972,1787667972,15.3439,46.5702,11887.2,False,247.71,131.97,0.0,,12336.78,7321,False,0,2026-08-25 14:26:15.818294
4ca4f2,RYR670D ,Ireland,1787667972,1787667972,11.2134,45.4476,4267.2,False,183.58,352.76,15.61,,4457.7,0225,False,0,2026-08-25 14:26:15.818294
49d3d3,TVS2AB  ,Czech Republic,1787667972,1787667972,8.1297,43.943,6050.28,False,205.39,58.94,12.03,,6385.56,1000,False,0,2026-08-25 14:26:15.818294
486491,KLM55F  ,Kingdom of the Netherlands,1787667771,1787667781,16.221,45.8432,876.3,False,96.08,226.74,-5.2,,944.88,1000,False,0,2026-08-25 14:26:15.818294
4ca4ef,RYR55MM ,Ireland,1787667972,1787667972,8.2294,45.0911,10972.8,False,200.16,318.86,0.33,,11452.86,0420,False,0,2026-08-25 14:26:15.818294
4409c0,EJU54TH ,Austria,1787667972,1787667972,8.8354,45.2606,1912.62,False,144.37,346.61,-8.13,,2049.78,5537,False,0,2026-08-25 14:26:15.818294
502dae,SWR1YT  ,Latvia,1787667972,1787667972,10.2618,44.2307,10363.2,False,212.35,333.68,0.0,,10866.12,1000,False,0,2026-08-25 14:26:15.818294
502db2,BTI7HT  ,Latvia,1787667968,1787667971,17.3497,42.2623,10972.8,False,230.35,193.17,0.33,,11544.3,1142,False,0,2026-08-25 14:26:15.818294
4ca569,RYR94MC ,Ireland,1787667972,1787667972,11.741,39.5204,10363.2,False,222.93,342.82,0.0,,11003.28,7036,False,0,2026-08-25 14:26:15.818294
4ca56b,RYR4471 ,Ireland,1787667971,1787667971,13.9213,42.8577,10972.8,False,200.68,299.65,0.33,,11529.06,4415,False,0,2026-08-25 14:26:15.818294
3cd3b7,ELG3D   ,Germany,1787667971,1787667972,10.6341,41.6123,12367.26,False,219.97,193.94,-4.88,,12999.72,5542,False,0,2026-08-25 14:26:15.818294
34134d,IBE06SL ,Spain,1787667971,1787667972,9.4253,40.7505,9867.9,False,214.9,251.43,4.55,,10439.4,,False,0,2026-08-25 14:26:15.818294
4ba9e6,THY1896 ,Turkey,1787667971,1787667971,8.6515,45.7128,1333.5,False,115.69,321.5,10.73,,1417.32,0441,False,0,2026-08-25 14:26:15.818294
4ba9e2,THY5QT  ,Turkey,1787667972,1787667972,11.0079,40.9717,12192.0,False,207.41,268.29,0.0,,12824.46,2347,False,0,2026-08-25 14:26:15.818294
3ce690,PTN16Q  ,Germany,1787667971,1787667972,10.2683,46.1595,8107.68,False,231.04,133.83,-5.2,,8496.3,0565,False,0,2026-08-25 14:26:15.818294
502cd0,BTI44T  ,Latvia,1787667972,1787667972,15.5296,45.392,11612.88,False,211.85,211.8,2.6,,12092.94,2226,False,0,2026-08-25 14:26:15.818294
502d94,UAG45V  ,Latvia,1787667971,1787667972,9.4553,44.9622,2103.12,False,119.69,319.53,-5.53,,2232.66,1000,False,0,2026-08-25 14:26:15.818294
502d7a,SWR9WE  ,Latvia,1787667971,1787667971,11.277,41.6003,10363.2,False,226.29,341.44,0.0,,10965.18,,False,0,2026-08-25 14:26:15.818294
4863db,KLC35C  ,Kingdom of the Netherlands,1787667971,1787667971,11.3092,44.7875,9418.32,False,248.21,168.04,-4.88,,9845.04,1000,False,0,2026-08-25 14:26:15.818294
4b32fd,RGA03   ,Switzerland,1787667972,1787667972,6.9412,46.6929,1074.42,False,55.6,231.01,-0.33,,1158.24,,False,0,2026-08-25 14:26:15.818294
488895,AMQ3Z   ,Poland,1787667971,1787667972,12.6355,43.1483,13114.02,False,206.89,205.16,0.33,,13685.52,5564,False,0,2026-08-25 14:26:15.818294
39bdb7,AFR42VQ ,France,1787667971,1787667972,6.8619,43.9014,5615.94,False,176.38,340.4,8.45,,5928.36,5016,False,0,2026-08-25 14:26:15.818294
39bdb8,AFR34ZZ ,France,1787667972,1787667972,9.2663,46.3344,10058.4,False,247.05,159.9,0.0,,10477.5,1000,False,0,2026-08-25 14:26:15.818294
4b330b,RGA14   ,Switzerland,1787667736,1787667803,6.64,46.5234,9311.64,False,3.09,90.0,-2.28,,655.32,7100,False,0,2026-08-25 14:26:15.818294
44082b,AUA118H ,Austria,1787667972,1787667972,15.4754,46.9622,1005.84,False,107.31,76.7,5.85,,1074.42,1000,False,0,2026-08-25 14:26:15.818294
440826,AUA613  ,Austria,1787667972,1787667972,16.6706,46.5792,9753.6,False,212.23,172.48,0.33,,10149.84,1000,False,0,2026-08-25 14:26:15.818294
48e9f5,RYR9RM  ,Poland,1787667970,1787667971,12.6041,44.4804,12496.8,False,254.25,115.79,0.0,,13007.34,3741,False,0,2026-08-25 14:26:15.818294
48e9f2,RYR8TC  ,Poland,1787667741,1787667741,17.4382,42.5331,8252.46,False,209.12,193.66,-5.53,,8747.76,1000,False,0,2026-08-25 14:26:15.818294
31d797,FLWME3  ,Italy,1787667821,1787667821,8.7283,45.6278,,True,5.92,320.62,,,,,False,0,2026-08-25 14:26:15.818294
a6cc84,VJA537  ,United States,1787667964,1787667966,7.2119,43.6607,,True,0.45,135.0,,,,5545,False,0,2026-08-25 14:26:15.818294
744826,RJA101  ,Jordan,1787667970,1787667970,16.3026,40.814,10972.8,False,215.74,289.21,0.0,,11597.64,5604,False,0,2026-08-25 14:26:15.818294
485061,TRA4J   ,Kingdom of the Netherlands,1787667953,1787667953,16.4527,42.9739,11277.6,False,241.01,150.32,-0.33,,11841.48,0165,False,0,2026-08-25 14:26:15.818294
44d068,BEL8KA  ,Belgium,1787667972,1787667972,11.6221,44.3082,10782.3,False,238.5,164.61,-4.55,,11300.46,1000,False,0,2026-08-25 14:26:15.818294
46104c,FSF801A ,Finland,1787667972,1787667972,6.8934,46.4439,2133.6,False,136.02,79.54,0.0,,2278.38,4315,False,0,2026-08-25 14:26:15.818294
4408d8,GCK40   ,Austria,1787667972,1787667972,9.2092,44.2268,9136.38,False,213.81,320.57,0.0,,9601.2,0454,False,0,2026-08-25 14:26:15.818294
405b67,EZY64YF ,United Kingdom,1787667971,1787667971,6.9855,43.3462,1851.66,False,152.81,90.96,-3.58,,1996.44,2062,False,0,2026-08-25 14:26:15.818294
31d7a5,ECHO9   ,Italy,1787667831,1787667838,8.7177,45.6369,,True,12.35,348.75,,,,,False,0,2026-08-25 14:26:15.818294
4ca216,EIN545  ,Ireland,1787667928,1787667928,7.2067,43.659,,True,0.0,315.0,,,,5236,False,0,2026-08-25 14:26:15.818294
49d283,TVS2785 ,Czech Republic,1787667971,1787667971,14.9219,43.7706,10972.8,False,236.55,25.51,-0.33,,11475.72,1000,False,0,2026-08-25 14:26:15.818294
4ca24f,RYR80FQ ,Ireland,1787667964,1787667970,12.5202,39.1623,6377.94,False,241.94,138.28,-15.93,,6858.0,2522,False,0,2026-08-25 14:26:15.818294
4ca259,RYR28DD ,Ireland,1787667962,1787667962,7.6483,45.1863,,True,7.2,87.19,,,,,False,0,2026-08-25 14:26:15.818294
407e7b,TOM54B  ,United Kingdom,1787667972,1787667972,16.0431,46.5293,11582.4,False,224.11,314.07,0.0,,12031.98,2045,False,0,2026-08-25 14:26:15.818294
407e82,RUK27HZ ,United Kingdom,1787667972,1787667972,16.518,45.1517,10972.8,False,223.66,328.83,0.33,,11452.86,5625,False,0,2026-08-25 14:26:15.818294
48e97b,LOT673  ,Poland,1787667972,1787667972,15.2354,39.9585,11277.6,False,237.84,193.25,0.0,,11925.3,1225,False,0,2026-08-25 14:26:15.818294
39ceb5,TVF8556 ,France,1787667972,1787667972,8.1105,41.1917,12496.8,False,233.63,167.28,-0.33,,13144.5,4303,False,0,2026-08-25 14:26:15.818294
3420ca,IBE0942 ,Spain,1787667970,1787667972,9.9865,45.255,10363.2,False,203.24,268.98,-0.33,,10828.02,1000,False,0,2026-08-25 14:26:15.818294
47c98d,IGO68N  ,Norway,1787667972,1787667972,12.0506,45.5117,11574.78,False,225.82,305.36,-0.33,,12077.7,5503,False,0,2026-08-25 14:26:15.818294
39cead,TVF63YH ,France,1787667855,1787667855,16.405,40.9894,5250.18,False,240.89,77.42,-14.63,,5654.04,1000,False,0,2026-08-25 14:26:15.818294
39cea5,TVF25YN ,France,1787667972,1787667972,14.0471,42.1197,12489.18,False,249.16,92.13,0.33,,13091.16,0202,False,0,2026-08-25 14:26:15.818294
407e5f,EZY41BY ,United Kingdom,1787667971,1787667972,13.7925,46.7566,10972.8,False,212.33,294.02,0.0,,11399.52,5627,False,0,2026-08-25 14:26:15.818294
46dca2,SEH6EV  ,Greece,1787667972,1787667972,18.1058,40.6996,11879.58,False,245.14,141.9,-0.65,,12512.04,7640,False,0,2026-08-25 14:26:15.818294
44065c,AUA42R  ,Austria,1787667972,1787667972,12.7884,46.5973,10355.58,False,218.27,225.57,0.0,,10759.44,1000,False,0,2026-08-25 14:26:15.818294
440611,EJU49XD ,Austria,1787667971,1787667972,8.8122,44.9313,3307.08,False,161.7,357.45,-10.08,,3482.34,1000,False,0,2026-08-25 14:26:15.818294
3949c4,FGSOE   ,France,1787667908,1787667908,7.2126,43.7754,419.1,False,60.42,195.81,-10.73,,472.44,,False,0,2026-08-25 14:26:15.818294
a519b8,DAL213  ,United States,1787667970,1787667972,11.0004,42.2827,10363.2,False,216.28,306.49,0.0,,10934.7,2013,False,0,2026-08-25 14:26:15.818294
440631,EJU75RH ,Austria,1787667972,1787667972,11.3246,46.636,11285.22,False,219.38,172.72,0.0,,11704.32,1000,False,0,2026-08-25 14:26:15.818294
48c1a5,RYR4BD  ,Poland,1787667972,1787667972,7.9661,43.9727,10972.8,False,253.66,46.73,0.0,,11498.58,1000,False,0,2026-08-25 14:26:15.818294
44061c,EJU59TY ,Austria,1787667972,1787667972,8.5001,43.3683,11879.58,False,202.59,221.71,-0.33,,12451.08,1000,False,0,2026-08-25 14:26:15.818294
4b447d,HBZYJ   ,Switzerland,1787667971,1787667971,7.7785,46.888,1295.4,False,30.21,312.93,-12.03,,1371.6,7000,False,0,2026-08-25 14:26:15.818294
4b448d,HBZYZ   ,Switzerland,1787667971,1787667972,8.8747,46.1539,449.58,False,32.48,86.37,3.58,,480.06,,False,0,2026-08-25 14:26:15.818294
49d13f,TVL5435 ,Czech Republic,1787667972,1787667972,16.0547,45.1215,10668.0,False,249.24,29.42,0.33,,11125.2,1000,False,0,2026-08-25 14:26:15.818294
49d13d,EWG9V   ,Czech Republic,1787667971,1787667972,9.1288,43.2678,3627.12,False,181.17,134.31,-6.18,,3848.1,0410,False,0,2026-08-25 14:26:15.818294
406ae8,TOM7WN  ,United Kingdom,1787667972,1787667972,16.4171,40.6916,11277.6,False,244.93,136.79,0.0,,11910.06,5256,False,0,2026-08-25 14:26:15.818294
48c2b2,RYR2PB  ,Poland,1787667972,1787667972,13.7426,43.8839,11582.4,False,251.88,43.01,0.0,,12108.18,1000,False,0,2026-08-25 14:26:15.818294
4b3041,HBSHD   ,Switzerland,1787667875,1787667875,7.7834,45.5952,1562.1,False,57.83,305.95,-0.98,,1645.92,2000,False,0,2026-08-25 14:26:15.818294
4b3042,HBSHE   ,Switzerland,1787667971,1787667971,7.7883,45.6063,1562.1,False,55.91,296.8,0.98,,1645.92,2000,False,0,2026-08-25 14:26:15.818294
4b3043,HBSHF   ,Switzerland,1787667972,1787667972,7.8436,45.5477,1562.1,False,58.71,331.19,-1.3,,1645.92,2000,False,0,2026-08-25 14:26:15.818294
4b4391,HBZPH   ,Switzerland,1787667953,1787667953,7.2032,46.8903,655.32,False,28.85,111.99,-5.2,,716.28,7000,False,0,2026-08-25 14:26:15.818294
49d034,TVS2207 ,Czech Republic,1787667972,1787667972,17.3439,44.398,10972.8,False,211.33,304.39,0.0,,11490.96,2063,False,0,2026-08-25 14:26:15.818294
71c574,KAL917  ,Republic of Korea,1787667971,1787667972,17.7236,45.2334,11574.78,False,226.09,302.17,0.0,,12092.94,7226,False,0,2026-08-25 14:26:15.818294
600bc4,AHY600  ,Azerbaijan,1787667971,1787667971,14.6521,40.3386,13716.0,False,284.14,103.08,0.0,,14348.46,0203,False,0,2026-08-25 14:26:15.818294
407ae1,FLJ61H  ,United Kingdom,1787667961,1787667969,7.2045,43.6553,,True,0.06,132.19,,,,6343,False,0,2026-08-25 14:26:15.818294
407ac6,TOM7PA  ,United Kingdom,1787667972,1787667972,13.0357,41.2151,10668.0,False,262.3,134.28,0.0,,11269.98,5246,False,0,2026-08-25 14:26:15.818294
342091,IBE08BB ,Spain,1787667970,1787667971,12.5282,46.6866,10355.58,False,216.37,252.0,0.0,,10767.06,1000,False,0,2026-08-25 14:26:15.818294
440425,EJU67FQ ,Austria,1787667949,1787667949,8.7282,45.6113,,True,0.0,348.75,,,,,False,0,2026-08-25 14:26:15.818294
4bb856,PGT1177 ,Turkey,1787667971,1787667972,18.3667,47.0281,10972.8,False,219.4,313.76,-0.33,,11407.14,3247,False,0,2026-08-25 14:26:15.818294
344698,VLG12QL ,Spain,1787667972,1787667972,14.4912,35.849,,True,5.4,315.0,,,,,False,0,2026-08-25 14:26:15.818294
4bb86a,PGT140N ,Turkey,1787667971,1787667971,18.2537,44.264,11277.6,False,246.81,125.41,0.33,,11826.24,4701,False,0,2026-08-25 14:26:15.818294
4402ac,EJU81JW ,Austria,1787667971,1787667972,9.5597,43.9284,9144.0,False,199.61,341.52,0.0,,9639.3,1000,False,0,2026-08-25 14:26:15.818294
469e41,SEH7GA  ,Greece,1787667971,1787667971,9.8385,46.5963,11277.6,False,253.5,130.8,0.0,,11719.56,0540,False,0,2026-08-25 14:26:15.818294
469e42,SEH9HE  ,Greece,1787667971,1787667971,15.5574,41.6406,11887.2,False,260.11,123.63,-0.33,,12512.04,0653,False,0,2026-08-25 14:26:15.818294
504e87,FIA5216 ,Republic of Moldova,1787667971,1787667971,12.9517,44.9408,10058.4,False,255.55,97.05,0.33,,10523.22,1000,False,0,2026-08-25 14:26:15.818294
504e81,TVS8BG  ,Republic of Moldova,1787667882,1787667884,18.3442,40.9708,10972.8,False,215.14,343.04,0.0,,11590.02,,False,0,2026-08-25 14:26:15.818294
46b8b4,AEE674  ,Greece,1787667972,1787667972,18.0409,40.1229,11582.4,False,214.75,276.19,0.33,,12230.1,,False,0,2026-08-25 14:26:15.818294
46b8b3,AEE604  ,Greece,1787667971,1787667971,18.1902,43.0212,11582.4,False,214.81,324.75,0.33,,12169.14,,False,0,2026-08-25 14:26:15.818294
48e899,ENT3FT  ,Poland,1787667970,1787667971,17.0429,45.8911,11277.6,False,227.25,170.75,0.0,,11750.04,1000,False,0,2026-08-25 14:26:15.818294
48c235,RYR4057 ,Poland,1787667911,1787667911,16.272,43.2403,11582.4,False,215.16,192.71,0.0,,12138.66,1000,False,0,2026-08-25 14:26:15.818294
48c231,RYR79SY ,Poland,1787667969,1787667969,15.6737,41.1091,6248.4,False,168.22,269.82,-15.28,,6865.62,,False,0,2026-08-25 14:26:15.818294
406a91,EZY61PL ,United Kingdom,1787667971,1787667971,12.0591,45.5504,10980.42,False,200.43,295.38,0.33,,11437.62,6627,False,0,2026-08-25 14:26:15.818294
48c222,RYR1XU  ,Poland,1787667970,1787667971,16.7855,45.5177,11277.6,False,232.34,157.75,0.33,,11765.28,4550,False,0,2026-08-25 14:26:15.818294
44056b,EJU75PJ ,Austria,1787667791,1787667794,15.4459,43.3546,2941.32,False,158.35,114.98,-5.2,,3116.58,1000,False,0,2026-08-25 14:26:15.818294
440591,GAC014K ,Austria,1787667972,1787667972,9.7834,41.1323,10363.2,False,168.47,20.37,0.0,,10980.42,5150,False,0,2026-08-25 14:26:15.818294
06a102,,Qatar,1787667969,1787667969,8.7143,45.6325,,True,0.64,78.75,,,,,False,0,2026-08-25 14:26:15.818294
440539,OEXEX   ,Austria,1787667970,1787667970,9.4281,44.2783,434.34,False,48.33,348.33,1.63,,480.06,,False,0,2026-08-25 14:26:15.818294
06a0fa,QTR4T   ,Qatar,1787667972,1787667972,8.9332,44.0104,7871.46,False,255.49,96.94,5.53,,8282.94,0406,False,0,2026-08-25 14:26:15.818294
4a2184,AEZ75HH ,Romania,1787667933,1787667933,9.2767,45.4489,121.92,False,53.15,355.56,-0.33,,152.4,1520,True,0,2026-08-25 14:26:15.818294
4a2185,AEZ2121 ,Romania,1787667971,1787667971,13.1808,40.3868,10668.0,False,246.99,162.55,-0.33,,11292.84,4661,False,0,2026-08-25 14:26:15.818294
4a2181,HLJ2VV  ,Romania,1787667970,1787667972,16.9293,43.29,10972.8,False,219.28,336.2,0.0,,11513.82,,False,0,2026-08-25 14:26:15.818294
399549,AGH03A  ,France,1787667971,1787667971,8.3149,42.9146,6096.0,False,117.29,284.22,0.0,,6438.9,,False,0,2026-08-25 14:26:15.818294
408102,GGVII   ,United Kingdom,1787667971,1787667971,14.8234,44.3551,13716.0,False,281.28,128.32,0.0,,14226.54,3452,False,0,2026-08-25 14:26:15.818294
4b180a,SWR8HD  ,Switzerland,1787667972,1787667972,9.2537,45.2142,11521.44,False,187.68,294.11,-4.88,,12024.36,5502,False,0,2026-08-25 14:26:15.818294
3c6667,DLH3CK  ,Germany,1787667972,1787667972,17.9795,43.3157,10683.24,False,249.51,140.27,0.0,,11201.4,5653,False,0,2026-08-25 14:26:15.818294
3cc8c8,JEI525  ,Germany,1787667971,1787667972,15.016,46.8371,10668.0,False,251.07,107.28,0.0,,11087.1,6414,False,0,2026-08-25 14:26:15.818294
3c65d0,DLH6LX  ,Germany,1787667970,1787667971,17.1111,43.4326,11582.4,False,218.54,322.94,0.0,,12138.66,2040,False,0,2026-08-25 14:26:15.818294
3c65c7,DLH1LC  ,Germany,1787667971,1787667972,9.4013,44.5152,11894.82,False,259.28,157.61,0.0,,12420.6,1000,False,0,2026-08-25 14:26:15.818294
3c65cf,DLH07A  ,Germany,1787667971,1787667972,6.801,46.519,10370.82,False,220.27,209.68,-0.65,,10805.16,1000,False,0,2026-08-25 14:26:15.818294
4a09b2,AEZ2378 ,Romania,1787667972,1787667972,12.9155,38.1022,9608.82,False,231.01,108.43,-12.03,,10279.38,5177,False,0,2026-08-25 14:26:15.818294
3b7b84,DRAGO2B ,France,1787667725,1787667726,9.3939,42.6738,586.74,False,61.2,106.61,-5.85,,655.32,,False,0,2026-08-25 14:26:15.818294
3c674e,DLH99X  ,Germany,1787667972,1787667972,11.2849,46.4563,9540.24,False,220.63,243.26,6.18,,9951.72,1000,False,0,2026-08-25 14:26:15.818294
aa57df,AAL333  ,United States,1787667971,1787667971,12.9981,41.0608,9753.6,False,234.64,315.62,0.0,,10340.34,,False,0,2026-08-25 14:26:15.818294
460812,FSF683S ,Finland,1787667965,1787667972,6.6174,46.5442,,True,0.0,180.0,,,,,False,0,2026-08-25 14:26:15.818294
39d30b,TVF11JJ ,France,1787667971,1787667971,8.5254,44.96,10972.8,False,196.08,315.53,0.0,,11460.48,1000,False,0,2026-08-25 14:26:15.818294
3c7877,CFG2KM  ,Germany,1787667972,1787667972,9.5469,45.3969,11437.62,False,241.87,39.65,-4.55,,11925.3,1000,False,0,2026-08-25 14:26:15.818294
4690e1,AEE6FM  ,Greece,1787667971,1787667972,6.9253,43.1211,7010.4,False,171.31,292.79,0.0,,7406.64,2016,False,0,2026-08-25 14:26:15.818294
39e68e,AFR87RZ ,France,1787667972,1787667972,9.4285,46.2866,9448.8,False,244.87,162.52,0.33,,9867.9,1000,False,0,2026-08-25 14:26:15.818294
408260,EXS14Q  ,United Kingdom,1787667972,1787667972,14.0591,44.526,11285.22,False,260.89,121.37,0.0,,11795.76,2703,False,0,2026-08-25 14:26:15.818294
39e693,,France,1787667741,1787667741,10.3881,36.6691,1257.3,False,114.96,211.27,-6.5,,1417.32,,False,0,2026-08-25 14:26:15.818294
4080f7,EZY73ZJ ,United Kingdom,1787667971,1787667972,9.2861,47.0162,11590.02,False,208.91,289.42,-0.33,,12024.36,2761,False,0,2026-08-25 14:26:15.818294
02a1b4,LBT2344 ,Tunisia,1787667971,1787667972,8.9126,39.5993,10965.18,False,229.67,357.43,0.0,,11635.74,,False,0,2026-08-25 14:26:15.818294
4596b2,OYEUR   ,Denmark,1787667972,1787667972,12.8302,45.5802,4739.64,False,82.47,273.58,3.9,,4975.86,7427,False,0,2026-08-25 14:26:15.818294
39d1a8,FHUNI2  ,France,1787667972,1787667972,6.9579,43.5479,,True,3.09,45.0,,,,,False,0,2026-08-25 14:26:15.818294
494143,NJE917P ,Portugal,1787667971,1787667972,8.8179,46.2073,8839.2,False,196.51,188.28,0.33,,9227.82,1000,False,0,2026-08-25 14:26:15.818294
49410b,NJE579W ,Portugal,1787667971,1787667972,17.6813,45.3397,10683.24,False,249.6,85.98,-7.48,,11148.06,0473,False,0,2026-08-25 14:26:15.818294
4080e9,BAW32T  ,United Kingdom,1787667970,1787667972,16.5358,43.5273,11269.98,False,224.35,166.47,-0.33,,11841.48,0527,False,0,2026-08-25 14:26:15.818294
494105,NJE970B ,Portugal,1787667971,1787667971,16.465,38.8445,1882.14,False,139.1,111.25,-4.88,,2072.64,1000,False,0,2026-08-25 14:26:15.818294
3981e4,ITI430B ,France,1787667972,1787667972,6.8731,43.0926,4914.9,False,96.29,201.63,6.18,,5227.32,1000,False,0,2026-08-25 14:26:15.818294
31de9f,ID578   ,Italy,1787667972,1787667972,8.3557,44.8879,426.72,False,40.39,46.55,-1.95,,502.92,,False,0,2026-08-25 14:26:15.818294
3c7985,CFG6KT  ,Germany,1787667971,1787667971,6.7527,45.3737,9761.22,False,232.27,357.33,0.0,,10233.66,1000,False,0,2026-08-25 14:26:15.818294
3c6652,DLH3YJ  ,Germany,1787667971,1787667972,12.0928,44.5895,11277.6,False,238.78,173.32,0.0,,11772.9,1000,False,0,2026-08-25 14:26:15.818294
7103d6,SVA375  ,Saudi Arabia,1787667970,1787667971,16.3739,35.5806,11582.4,False,230.19,278.09,0.0,,12321.54,,False,0,2026-08-25 14:26:15.818294
4009d5,ZODIAC51,United Kingdom,1787667972,1787667972,7.2897,46.0829,6393.18,False,124.34,290.08,0.0,,6690.36,2404,False,0,2026-08-25 14:26:15.818294
3c6481,DLH6RM  ,Germany,1787667971,1787667971,11.9988,42.3626,5349.24,False,194.52,350.56,7.48,,5669.28,,False,0,2026-08-25 14:26:15.818294
3c6486,DLH3NE  ,Germany,1787667643,1787667664,15.4465,43.7097,3489.96,False,182.6,138.54,-10.08,,3665.22,1000,False,0,2026-08-25 14:26:15.818294
3c6497,DLH3WH  ,Germany,1787667972,1787667972,11.8742,44.793,10652.76,False,231.17,190.38,0.0,,11132.82,7421,False,0,2026-08-25 14:26:15.818294
3c6429,CFG8CX  ,Germany,1787667972,1787667972,18.2368,44.7879,10675.62,False,247.0,135.08,0.0,,11178.54,7660,False,0,2026-08-25 14:26:15.818294
3c6441,DLH4LF  ,Germany,1787667972,1787667972,8.7826,45.4513,952.5,False,119.92,346.86,-2.6,,1021.08,1000,False,0,2026-08-25 14:26:15.818294
495148,TAP824  ,Portugal,1787667971,1787667971,8.7168,45.6254,,True,0.0,168.75,,,,2265,True,0,2026-08-25 14:26:15.818294
4b169a,SWR4TD  ,Switzerland,1787667972,1787667972,6.7664,45.1656,9745.98,False,231.78,357.2,0.0,,10218.42,1000,False,0,2026-08-25 14:26:15.818294
440c34,EJU4132 ,Austria,1787667964,1787667970,12.6196,35.5001,,True,1.54,25.31,,,,,False,0,2026-08-25 14:26:15.818294
3991e3,AFR37SH ,France,1787667971,1787667972,7.911,44.6135,11285.22,False,258.64,135.4,0.33,,11795.76,1000,False,0,2026-08-25 14:26:15.818294
ac3f7f,N889CJ  ,United States,1787667972,1787667972,11.0597,46.6347,8747.76,False,250.95,31.93,-11.05,,9128.76,1000,False,0,2026-08-25 14:26:15.818294
3c7861,CFG6MC  ,Germany,1787667972,1787667972,13.8169,46.2985,10668.0,False,240.41,144.41,0.33,,11094.72,7716,False,0,2026-08-25 14:26:15.818294
392ae2,AFR1098 ,France,1787667972,1787667972,16.5398,41.0717,10660.38,False,255.0,135.08,-0.33,,11269.98,7563,False,0,2026-08-25 14:26:15.818294
392ae6,AFR39TE ,France,1787667972,1787667972,7.0351,43.7713,10363.2,False,219.34,329.4,0.0,,10904.22,1000,False,0,2026-08-25 14:26:15.818294
392ae8,AFR41BL ,France,1787667971,1787667972,6.7058,46.4124,10972.8,False,209.66,316.99,-0.33,,11437.62,1000,False,0,2026-08-25 14:26:15.818294
4b1509,HBHZD   ,Switzerland,1787667971,1787667971,8.3725,46.9955,2034.54,False,154.65,46.48,-4.88,,2171.7,7000,False,0,2026-08-25 14:26:15.818294
408011,EZY83LT ,United Kingdom,1787667971,1787667972,15.4431,45.6807,11285.22,False,263.19,110.24,-0.33,,11750.04,2723,False,0,2026-08-25 14:26:15.818294
440d85,OEDDA   ,Austria,1787667971,1787667971,12.2908,43.0449,1234.44,False,54.35,252.94,0.0,,1341.12,,False,0,2026-08-25 14:26:15.818294
3c5099,LBT730  ,Germany,1787667971,1787667971,9.8152,43.1478,10972.8,False,216.67,337.82,0.33,,11567.16,6143,False,0,2026-08-25 14:26:15.818294
4b2858,HBPHG   ,Switzerland,1787667971,1787667971,8.0773,47.0857,1508.76,False,53.71,286.7,-0.65,,1577.34,7000,False,0,2026-08-25 14:26:15.818294
440d8a,OEDDJ   ,Austria,1787667971,1787667971,12.3875,42.6534,1836.42,False,57.62,336.87,0.33,,1973.58,,False,0,2026-08-25 14:26:15.818294
400960,BAW537  ,United Kingdom,1787667971,1787667971,13.5169,41.534,7780.02,False,201.15,322.69,9.43,,8267.7,,False,0,2026-08-25 14:26:15.818294
495279,TAR215  ,Portugal,1787667666,1787667678,10.7776,36.6945,2537.46,False,109.64,278.09,-6.5,,2819.4,2317,False,0,2026-08-25 14:26:15.818294
4baac9,THY5EL  ,Turkey,1787667971,1787667972,16.5228,46.0376,10668.0,False,249.63,117.09,0.33,,11102.34,1365,False,0,2026-08-25 14:26:15.818294
4baad6,THY1VT  ,Turkey,1787667972,1787667972,18.2869,45.8148,10058.4,False,241.14,129.63,0.0,,10492.74,3014,False,0,2026-08-25 14:26:15.818294
4b39e3,HBVXZ   ,Switzerland,1787667971,1787667971,8.583,45.3256,4427.22,False,186.76,18.63,-6.5,,4648.2,4632,False,0,2026-08-25 14:26:15.818294
4ca9ea,RYR9LC  ,Ireland,1787667971,1787667971,7.5793,44.1795,9723.12,False,211.02,240.5,10.08,,10226.04,4017,False,0,2026-08-25 14:26:15.818294
4ca9cf,RYR41SU ,Ireland,1787667971,1787667971,14.2903,38.6093,7665.72,False,200.68,154.81,-5.2,,8214.36,0133,False,0,2026-08-25 14:26:15.818294
ae04d8,CNV6812 ,United States,1787667972,1787667972,17.9423,36.1978,12192.0,False,212.65,289.36,0.0,,12931.14,,False,0,2026-08-25 14:26:15.818294
4734db,HAUAL   ,Hungary,1787667953,1787667960,17.2913,46.984,1066.8,False,38.49,127.94,-0.33,,1082.04,7017,False,0,2026-08-25 14:26:15.818294
4ca8fa,NOS153  ,Ireland,1787667971,1787667971,17.5141,40.0162,11574.78,False,239.94,302.12,0.0,,12222.48,,False,0,2026-08-25 14:26:15.818294
490d03,NJE486W ,Portugal,1787667972,1787667972,7.5222,43.5487,944.88,False,94.37,324.32,-0.65,,1021.08,0655,False,0,2026-08-25 14:26:15.818294
490d04,NJE183D ,Portugal,1787667971,1787667971,10.4524,40.2377,13106.4,False,259.1,101.8,0.0,,13746.48,5247,False,0,2026-08-25 14:26:15.818294
394f02,NAK399B ,France,1787667885,1787667963,9.4481,42.552,1524.0,False,79.94,4.06,-12.35,,1615.44,1000,False,0,2026-08-25 14:26:15.818294
4d4027,3AMAC   ,Monaco,1787667971,1787667971,7.3558,43.7257,731.52,False,57.37,147.45,-9.1,,784.86,,False,0,2026-08-25 14:26:15.818294
4d4039,3AMPJ   ,Monaco,1787667961,1787667963,8.7252,41.9029,396.24,False,70.93,71.83,-3.25,,464.82,,False,0,2026-08-25 14:26:15.818294
486803,KLM57B  ,Kingdom of the Netherlands,1787667972,1787667972,11.1679,44.5787,563.88,False,95.48,116.57,-4.88,,609.6,1000,False,0,2026-08-25 14:26:15.818294
31ff43,PROVA27 ,Italy,1787667971,1787667972,7.9026,45.039,1844.04,False,70.93,251.83,-0.33,,1958.34,7462,False,0,2026-08-25 14:26:15.818294
4ca8f4,ITY1197 ,Ireland,1787667971,1787667972,12.8385,41.8881,11277.6,False,263.93,150.84,0.0,,11887.2,1000,False,0,2026-08-25 14:26:15.818294
4ca8af,RYR1109 ,Ireland,1787667819,1787667819,12.2573,41.8561,76.2,False,83.63,162.46,-5.2,,144.78,,False,0,2026-08-25 14:26:15.818294
4ca8d6,RYR84VF ,Ireland,1787667971,1787667972,9.1551,46.9337,10972.8,False,207.95,306.25,0.0,,11391.9,2760,False,0,2026-08-25 14:26:15.818294
501e6e,9AJIP   ,Croatia,1787667971,1787667972,7.4993,44.032,11887.2,False,169.33,243.67,0.0,,12466.32,1000,False,0,2026-08-25 14:26:15.818294
4b7fa9,PEG11   ,Switzerland,1787667971,1787667972,7.2919,47.0306,3665.22,False,166.66,136.5,-0.98,,3840.48,6100,False,0,2026-08-25 14:26:15.818294
3c7425,TUI88V  ,Germany,1787667971,1787667972,13.6341,44.6216,11277.6,False,260.11,134.44,0.0,,11780.52,0626,False,0,2026-08-25 14:26:15.818294
3c7424,TUI18H  ,Germany,1787667971,1787667971,16.2038,44.8522,11277.6,False,247.73,140.39,0.0,,11780.52,6426,False,0,2026-08-25 14:26:15.818294
440b1e,EJU79XD ,Austria,1787667972,1787667972,17.0621,46.367,11269.98,False,228.32,156.5,0.33,,11719.56,7614,False,0,2026-08-25 14:26:15.818294
4ca92d,EIN4WL  ,Ireland,1787667972,1787667972,9.8099,43.4548,10264.14,False,206.51,323.82,3.25,,10797.54,1222,False,0,2026-08-25 14:26:15.818294
4ca84b,RYR163M ,Ireland,1787667971,1787667972,12.1313,43.531,11277.6,False,232.27,182.67,0.0,,11826.24,1000,False,0,2026-08-25 14:26:15.818294
4ca853,RYR1FM  ,Ireland,1787667972,1787667972,11.4571,43.3727,5524.5,False,193.12,280.59,-10.73,,5844.54,2074,False,0,2026-08-25 14:26:15.818294
486953,KLM21J  ,Kingdom of the Netherlands,1787667971,1787667972,8.8374,39.9986,8077.2,False,216.95,158.0,-8.45,,8610.6,3134,False,0,2026-08-25 14:26:15.818294
501dd1,CTN345  ,Croatia,1787667970,1787667972,18.0739,43.9322,3208.02,False,111.31,302.74,5.2,,3413.76,,False,0,2026-08-25 14:26:15.818294
49d5b4,ELI30D  ,Czech Republic,1787667971,1787667972,17.2478,44.7087,13106.4,False,205.12,309.2,0.0,,13632.18,3233,False,0,2026-08-25 14:26:15.818294
4ca6f1,ITY1616 ,Ireland,1787667971,1787667971,12.2245,41.9345,533.4,False,97.17,163.39,-4.88,,624.84,,False,0,2026-08-25 14:26:15.818294
3cc319,DCBEN   ,Germany,1787667972,1787667972,15.8522,45.7638,12496.8,False,228.86,133.82,0.0,,12969.24,7143,False,0,2026-08-25 14:26:15.818294
02a197,TAR790  ,Tunisia,1787667970,1787667971,8.6523,41.4829,10980.42,False,226.5,336.58,0.0,,11620.5,6154,False,0,2026-08-25 14:26:15.818294
02a194,TAR654  ,Tunisia,1787667972,1787667972,10.2879,35.9665,9342.12,False,235.97,350.21,9.75,,9951.72,6132,False,0,2026-08-25 14:26:15.818294
02a192,TAR250  ,Tunisia,1787667972,1787667972,8.5254,41.8311,9144.0,False,225.75,338.76,0.0,,9692.64,1000,False,0,2026-08-25 14:26:15.818294
4ca6fb,RYR312L ,Ireland,1787667972,1787667972,8.9975,44.2949,11582.4,False,196.32,322.56,0.0,,12115.8,1000,False,0,2026-08-25 14:26:15.818294
4ca809,RYR64QD ,Ireland,1787667971,1787667971,10.0516,43.0416,10157.46,False,197.41,320.71,-5.85,,10713.72,1000,False,0,2026-08-25 14:26:15.818294
4ca82f,EJU87LY ,Ireland,1787667972,1787667972,9.2913,45.3124,815.34,False,102.75,355.12,-6.18,,883.92,7504,False,0,2026-08-25 14:26:15.818294
4ca80b,RYR8VD  ,Ireland,1787667972,1787667972,9.4792,44.374,7086.6,False,178.99,330.56,-8.78,,7467.6,7050,False,0,2026-08-25 14:26:15.818294
4ca80c,RYR16CP ,Ireland,1787667971,1787667971,8.072,40.82,5448.3,False,195.67,355.17,10.08,,5829.3,,False,0,2026-08-25 14:26:15.818294
4ca816,RYR1AE  ,Ireland,1787667972,1787667972,12.3194,43.2619,8001.0,False,247.04,175.94,-4.88,,8458.2,1000,False,0,2026-08-25 14:26:15.818294
4ca812,RYR1TU  ,Ireland,1787667971,1787667971,7.1358,43.5278,10363.2,False,257.55,56.82,0.33,,10896.6,1000,False,0,2026-08-25 14:26:15.818294
4bcdef,SXS8BU  ,Turkey,1787667972,1787667972,18.2238,44.5832,11887.2,False,243.09,131.48,0.33,,12412.98,7644,False,0,2026-08-25 14:26:15.818294
4ca73b,RYR42MY ,Ireland,1787667970,1787667972,15.3598,37.5866,2125.98,False,151.6,31.96,11.05,,2331.72,,False,0,2026-08-25 14:26:15.818294
4bcdce,SXS5KE  ,Turkey,1787667972,1787667972,15.8122,45.4154,11887.2,False,240.75,129.71,0.33,,12367.26,7657,False,0,2026-08-25 14:26:15.818294
4ca798,ITY2059 ,Ireland,1787667972,1787667972,9.6556,45.0263,5852.16,False,180.15,153.0,10.4,,6141.72,1000,False,0,2026-08-25 14:26:15.818294
491d81,NJE584B ,Portugal,1787667971,1787667972,16.398,46.3465,13098.78,False,241.14,332.56,-0.33,,13586.46,5507,False,0,2026-08-25 14:26:15.818294
4a29f9,HYS7284 ,Romania,1787667969,1787667971,15.0766,40.2958,10972.8,False,238.18,39.74,0.0,,11628.12,6151,False,0,2026-08-25 14:26:15.818294
4b7f61,V632    ,Switzerland,1787667972,1787667972,7.6399,46.6469,3482.34,False,25.4,276.98,4.88,,3657.6,6100,False,0,2026-08-25 14:26:15.818294
4b7f5a,GIZ61   ,Switzerland,1787667954,1787667964,6.9348,46.8553,495.3,False,55.37,228.01,-3.9,,548.64,2470,False,0,2026-08-25 14:26:15.818294
501c2f,CFG1DX  ,Croatia,1787667972,1787667972,15.1993,46.0208,11590.02,False,215.88,326.76,1.63,,12031.98,5531,False,0,2026-08-25 14:26:15.818294
501c38,CTN476  ,Croatia,1787667972,1787667972,12.5701,44.6428,9753.6,False,209.23,289.24,0.0,,10210.8,1000,False,0,2026-08-25 14:26:15.818294
501c5e,CTN7Z   ,Croatia,1787667955,1787667960,15.2735,44.3151,2971.8,False,97.27,10.36,0.33,,3124.2,,False,0,2026-08-25 14:26:15.818294
48418d,KLM51W  ,Kingdom of the Netherlands,1787667971,1787667972,14.9495,45.1797,10058.4,False,239.23,147.92,0.33,,10500.36,1000,False,0,2026-08-25 14:26:15.818294
43c6f3,RRR2302 ,United Kingdom,1787667971,1787667971,10.8983,42.0207,12192.0,False,203.62,317.97,0.0,,12793.98,7241,False,0,2026-08-25 14:26:15.818294
4ca718,ITY1178 ,Ireland,1787667972,1787667972,12.7835,41.6485,3672.84,False,191.8,316.85,-12.35,,3939.54,,False,0,2026-08-25 14:26:15.818294
4a4aae,AWG641Q ,Romania,1787667972,1787667972,12.9033,42.2443,10073.64,False,258.14,63.74,6.5,,10622.28,4314,False,0,2026-08-25 14:26:15.818294
4bcdb6,SXS6RU  ,Turkey,1787667971,1787667971,17.7137,43.3352,11582.4,False,210.18,308.44,-0.33,,12146.28,5355,False,0,2026-08-25 14:26:15.818294
4ca708,RYR8WL  ,Ireland,1787667972,1787667972,16.2249,39.5494,11277.6,False,252.99,114.64,0.33,,11925.3,,False,0,2026-08-25 14:26:15.818294
484131,KLM41F  ,Kingdom of the Netherlands,1787667970,1787667970,7.4096,43.6221,883.92,False,83.25,305.95,-3.25,,960.12,1000,False,0,2026-08-25 14:26:15.818294
49d629,BOH413  ,Czech Republic,1787667971,1787667972,12.9489,42.7909,13106.4,False,197.34,306.84,-0.33,,13670.28,,False,0,2026-08-25 14:26:15.818294
47340e,TVS2854 ,Hungary,1787667972,1787667972,15.3249,46.9296,10363.2,False,225.49,184.45,0.0,,10744.2,7345,False,0,2026-08-25 14:26:15.818294
49d665,BOH212  ,Czech Republic,1787667972,1787667972,16.6495,38.8522,13106.4,False,244.17,99.58,-0.33,,13754.1,1422,False,0,2026-08-25 14:26:15.818294
4bce0f,SXS5CX  ,Turkey,1787667972,1787667972,18.53,46.1792,10972.8,False,218.68,310.13,0.0,,11430.0,3232,False,0,2026-08-25 14:26:15.818294
4bce06,SXS2VM  ,Turkey,1787667971,1787667972,17.6721,46.4404,11582.4,False,209.42,299.59,-0.33,,12047.22,3275,False,0,2026-08-25 14:26:15.818294
4bce05,SXS5ET  ,Turkey,1787667972,1787667972,16.826,45.6501,10972.8,False,206.67,302.19,0.0,,11422.38,3206,False,0,2026-08-25 14:26:15.818294
4bce02,SXS7WX  ,Turkey,1787667971,1787667971,15.6278,46.0806,11887.2,False,247.0,134.92,0.0,,12359.64,1375,False,0,2026-08-25 14:26:15.818294
4bce10,SXS2JA  ,Turkey,1787667971,1787667971,9.0006,45.5145,2689.86,False,146.65,260.31,-7.8,,2842.26,4146,False,0,2026-08-25 14:26:15.818294
4bce12,SXS7RR  ,Turkey,1787667971,1787667972,16.5151,45.8961,11887.2,False,248.29,112.15,0.33,,12367.26,3050,False,0,2026-08-25 14:26:15.818294
4d010b,ICV7112 ,Luxembourg,1787667969,1787667969,8.7203,45.6094,,True,0.0,258.75,,,,1000,False,0,2026-08-25 14:26:15.818294
346193,VOE6HT  ,Spain,1787667972,1787667972,9.0694,39.6584,4328.16,False,181.15,148.12,-7.8,,4686.3,7042,False,0,2026-08-25 14:26:15.818294
5140e4,GEL1702 ,Georgia,1787667971,1787667971,17.0837,40.6661,10370.82,False,216.72,272.04,-0.33,,10949.94,2344,False,0,2026-08-25 14:26:15.818294
407688,EZY67JT ,United Kingdom,1787667972,1787667972,13.99,46.2864,11277.6,False,248.54,119.38,0.0,,11704.32,7323,False,0,2026-08-25 14:26:15.818294
3950cc,AFR16CP ,France,1787667971,1787667972,11.1011,42.125,8625.84,False,194.21,304.53,8.78,,9128.76,1000,False,0,2026-08-25 14:26:15.818294
34620c,IBE08SV ,Spain,1787667972,1787667972,16.4911,39.0794,9144.0,False,224.88,285.12,0.65,,9753.6,,False,0,2026-08-25 14:26:15.818294
3c496e,TUI3GN  ,Germany,1787667972,1787667972,18.2758,40.8563,11582.4,False,216.11,340.1,0.33,,12199.62,,False,0,2026-08-25 14:26:15.818294
407631,EXS73G  ,United Kingdom,1787667970,1787667970,17.8708,44.9588,10972.8,False,227.13,342.47,0.0,,11475.72,7732,False,0,2026-08-25 14:26:15.818294
30089d,ITEAF   ,Italy,1787667934,1787667937,8.0143,45.539,556.26,False,22.57,155.77,-6.18,,632.46,2000,False,0,2026-08-25 14:26:15.818294
400d64,BRO37   ,United Kingdom,1787667971,1787667972,10.5773,42.8322,8229.6,False,113.53,218.38,0.0,,8686.8,0435,False,0,2026-08-25 14:26:15.818294
8966fd,UAE41M  ,United Arab Emirates,1787667971,1787667971,8.8335,43.7857,11201.4,False,286.67,132.02,3.58,,11711.94,0415,False,0,2026-08-25 14:26:15.818294
300860,IOZZM   ,Italy,1787667964,1787667964,12.5037,44.1134,640.08,False,49.14,100.25,0.33,,716.28,,False,0,2026-08-25 14:26:15.818294
8966ab,ETD140  ,United Arab Emirates,1787667914,1787667914,16.602,42.4976,10058.4,False,271.12,112.18,0.0,,10622.28,3026,False,0,2026-08-25 14:26:15.818294
30083d,ICFAM   ,Italy,1787667969,1787667969,15.6573,38.0693,,True,0.0,112.5,,,,,False,0,2026-08-25 14:26:15.818294
300824,IOZZG   ,Italy,1787667971,1787667971,11.9233,44.6566,914.4,False,44.76,226.4,0.65,,975.36,7000,False,0,2026-08-25 14:26:15.818294
300827,IMVRK   ,Italy,1787667877,1787667881,8.8401,45.813,525.78,False,19.37,169.29,-2.6,,571.5,4606,False,0,2026-08-25 14:26:15.818294
48ada0,LOT34P  ,Poland,1787667971,1787667972,7.7235,43.4578,1950.72,False,118.12,306.32,-3.25,,2087.88,1000,False,0,2026-08-25 14:26:15.818294
4cafcc,SAS80D  ,Ireland,1787667972,1787667972,11.2022,46.6798,11597.64,False,245.71,33.12,0.0,,12039.6,1000,False,0,2026-08-25 14:26:15.818294
4cafd1,RYR13KA ,Ireland,1787667839,1787667839,9.0932,39.6002,3474.72,False,201.59,159.07,-15.93,,3825.24,3533,False,0,2026-08-25 14:26:15.818294
01023a,,Egypt,1787667902,1787667902,16.8699,42.2445,11231.88,False,216.18,322.64,3.25,,11719.56,,False,0,2026-08-25 14:26:15.818294
01023b,MSC2941 ,Egypt,1787667971,1787667972,16.2903,44.5552,10675.62,False,253.12,146.44,0.33,,11186.16,2521,False,0,2026-08-25 14:26:15.818294
3964e0,TVF24UL ,France,1787667970,1787667971,6.9087,39.9652,12496.8,False,216.42,183.27,0.0,,13159.74,6736,False,0,2026-08-25 14:26:15.818294
3007af,,Italy,1787667958,1787667958,10.0134,45.1355,609.6,False,46.96,312.78,0.98,,655.32,,False,0,2026-08-25 14:26:15.818294
010205,MSR772  ,Egypt,1787667971,1787667972,14.9687,42.3708,11269.98,False,259.29,84.88,0.33,,11849.1,5710,False,0,2026-08-25 14:26:15.818294
01022d,MSC601  ,Egypt,1787667972,1787667972,15.9724,45.1453,10972.8,False,224.39,351.16,0.0,,11445.24,6520,False,0,2026-08-25 14:26:15.818294
3007a7,LID524  ,Italy,1787667784,1787667784,15.5391,41.4261,167.64,False,18.73,254.05,-1.95,,220.98,,False,0,2026-08-25 14:26:15.818294
4b1a23,EZS1536 ,Switzerland,1787667971,1787667971,11.8569,41.7345,11574.78,False,199.25,321.71,0.0,,12207.24,0206,False,0,2026-08-25 14:26:15.818294
484b09,PHMYX   ,Kingdom of the Netherlands,1787667971,1787667972,6.9517,43.5431,60.96,False,75.62,173.36,9.1,,76.2,,False,0,2026-08-25 14:26:15.818294
4b1a1a,EZS73NK ,Switzerland,1787667971,1787667972,11.6714,45.1749,11582.4,False,199.16,284.97,0.0,,12070.08,7341,False,0,2026-08-25 14:26:15.818294
346317,JAF54D  ,Spain,1787667970,1787667971,15.7065,43.2805,11894.82,False,241.5,139.32,0.33,,12451.08,0105,False,0,2026-08-25 14:26:15.818294
4b1a26,EZS36FD ,Switzerland,1787667972,1787667972,7.3914,45.7296,7094.22,False,191.95,310.43,-11.05,,7482.84,1000,False,0,2026-08-25 14:26:15.818294
4b1a27,EZS81AP ,Switzerland,1787667972,1787667972,6.8799,44.6262,8542.02,False,232.55,340.08,-0.65,,9006.84,1000,False,0,2026-08-25 14:26:15.818294
4d24d7,WMT634  ,Malta,1787667971,1787667972,9.0395,43.9456,10972.8,False,262.05,68.83,0.0,,11529.06,1000,False,0,2026-08-25 14:26:15.818294
40772f,EZY36MQ ,United Kingdom,1787667972,1787667972,15.8141,43.564,11887.2,False,248.68,127.01,0.33,,12435.84,0507,False,0,2026-08-25 14:26:15.818294
010292,MSC806  ,Egypt,1787667963,1787667972,8.7177,45.6279,,True,1.29,196.88,,,,2067,False,0,2026-08-25 14:26:15.818294
34761a,VOE74DZ ,Spain,1787667972,1787667972,8.202,42.7123,10363.2,False,210.88,326.54,-0.33,,10942.32,1000,False,0,2026-08-25 14:26:15.818294
4d24e7,EWG98MQ ,Malta,1787667972,1787667972,8.7071,45.5504,9829.8,False,246.87,21.0,-4.88,,10287.0,0424,False,0,2026-08-25 14:26:15.818294
40772d,EZY93CH ,United Kingdom,1787667972,1787667972,14.8398,43.438,11277.6,False,258.14,141.55,0.33,,11818.62,2711,False,0,2026-08-25 14:26:15.818294
4d24e6,KMM625  ,Malta,1787667972,1787667972,11.2659,42.2808,10668.0,False,227.51,156.97,0.0,,11262.36,0451,False,0,2026-08-25 14:26:15.818294
4d24ba,KMM3116 ,Malta,1787667972,1787667972,9.8839,40.4537,10965.18,False,215.86,332.15,0.33,,11620.5,6571,False,0,2026-08-25 14:26:15.818294
4d24fe,AIZ261  ,Malta,1787667972,1787667972,6.6133,40.3542,12496.8,False,217.48,255.9,0.0,,13174.98,4132,False,0,2026-08-25 14:26:15.818294
3461cf,VOE2355 ,Spain,1787667971,1787667971,12.0302,41.7958,2026.92,False,129.64,284.48,13.98,,2179.32,,False,0,2026-08-25 14:26:15.818294
0101b7,MSR734  ,Egypt,1787667971,1787667971,13.4721,46.4332,11894.82,False,239.74,152.94,0.65,,12329.16,2574,False,0,2026-08-25 14:26:15.818294
0101b9,MSR705  ,Egypt,1787667972,1787667972,14.8105,42.191,10980.42,False,205.05,304.37,-0.65,,11559.54,,False,0,2026-08-25 14:26:15.818294
33fd40,LEONE02 ,Italy,1787667970,1787667970,12.8057,41.7672,579.12,False,64.77,300.03,-3.9,,655.32,,False,0,2026-08-25 14:26:15.818294
4caeb0,NOS2246 ,Ireland,1787667971,1787667971,8.7167,45.6296,,True,3.6,78.75,,,,,False,0,2026-08-25 14:26:15.818294
400aff,EFW74V  ,United Kingdom,1787667972,1787667972,11.0021,46.4117,10363.2,False,209.46,308.42,-0.33,,10782.3,2070,False,0,2026-08-25 14:26:15.818294
400afb,EFW50Z  ,United Kingdom,1787667971,1787667972,11.4681,45.941,10370.82,False,212.12,305.42,-0.33,,10805.16,2042,False,0,2026-08-25 14:26:15.818294
33fd5f,IAM1481 ,Italy,1787667971,1787667971,11.6539,43.9682,7620.0,False,149.58,186.32,0.0,,8016.24,7423,False,0,2026-08-25 14:26:15.818294
4caee8,RYR556Y ,Ireland,1787667972,1787667972,9.6248,45.6411,1242.06,False,94.94,225.22,9.1,,1318.26,1000,False,0,2026-08-25 14:26:15.818294
4d2534,WMT9TE  ,Malta,1787667972,1787667972,11.8368,42.2636,11285.22,False,267.02,100.1,0.0,,11910.06,3730,False,0,2026-08-25 14:26:15.818294
4d2535,WZZ948  ,Malta,1787667971,1787667972,11.6533,46.7057,9578.34,False,247.94,140.89,6.18,,9997.44,4367,False,0,2026-08-25 14:26:15.818294
4d251d,RYR299G ,Malta,1787667971,1787667972,9.9598,45.5815,1470.66,False,119.42,358.03,-7.15,,1569.72,1000,False,0,2026-08-25 14:26:15.818294
3004c2,NOS2850 ,Italy,1787667972,1787667972,11.3995,42.4844,4930.14,False,210.45,140.36,-11.38,,5234.94,1000,False,0,2026-08-25 14:26:15.818294
4d251a,RYR25FL ,Malta,1787667972,1787667972,11.1788,45.012,3413.76,False,166.11,170.01,-2.28,,3581.4,7305,False,0,2026-08-25 14:26:15.818294
4caecc,RYR4102 ,Ireland,1787667972,1787667972,14.457,36.1019,4442.46,False,174.44,14.69,9.75,,4823.46,6560,False,0,2026-08-25 14:26:15.818294
4caefa,ITY1792 ,Ireland,1787667972,1787667972,12.0197,41.5372,4343.4,False,169.43,2.61,0.65,,4648.2,,False,0,2026-08-25 14:26:15.818294
347256,VOE8SQ  ,Spain,1787667890,1787667890,7.6464,45.1908,,True,3.6,227.81,,,,1000,False,0,2026-08-25 14:26:15.818294
347258,VOE4YL  ,Spain,1787667969,1787667971,8.5995,40.8768,1805.94,False,117.04,255.23,-6.83,,1981.2,7420,False,0,2026-08-25 14:26:15.818294
717ca4,SVA202  ,Saudi Arabia,1787667971,1787667971,12.176,41.5083,3314.7,False,171.34,178.97,5.85,,3558.54,,False,0,2026-08-25 14:26:15.818294
aa98a4,ASA181  ,United States,1787667972,1787667972,7.2092,44.1655,10363.2,False,231.86,319.95,-0.33,,10904.22,4026,False,0,2026-08-25 14:26:15.818294
407463,BAW334  ,United Kingdom,1787667972,1787667972,7.3336,43.6609,480.06,False,64.23,305.22,-3.25,,525.78,7270,False,0,2026-08-25 14:26:15.818294
4b1a01,SAZ61   ,Switzerland,1787667971,1787667971,9.6096,44.3142,10195.56,False,244.46,159.81,-9.43,,10706.1,3067,False,0,2026-08-25 14:26:15.818294
4caf1e,ITY1641 ,Ireland,1787667936,1787667936,16.6939,40.8481,5143.5,False,220.78,91.6,-11.05,,5501.64,1000,False,0,2026-08-25 14:26:15.818294
4caf1f,ITY087  ,Ireland,1787667971,1787667971,9.9668,40.9952,10363.2,False,252.05,61.6,0.0,,10980.42,1000,False,0,2026-08-25 14:26:15.818294
4caf1c,ITY1270 ,Ireland,1787667972,1787667972,12.4821,41.8986,2057.4,False,132.43,314.06,-10.4,,2217.42,,False,0,2026-08-25 14:26:15.818294
4caf1d,ITY1622 ,Ireland,1787667971,1787667971,12.2529,41.8663,144.78,False,75.99,162.67,-4.55,,205.74,,False,0,2026-08-25 14:26:15.818294
4d23bb,LBT384  ,Malta,1787667972,1787667972,6.6617,45.6929,10965.18,False,215.51,348.15,0.0,,11399.52,1000,False,0,2026-08-25 14:26:15.818294
300691,PEGASO3 ,Italy,1787667971,1787667971,10.2578,43.7097,472.44,False,67.91,359.13,0.33,,533.4,,False,0,2026-08-25 14:26:15.818294
717cc7,KNE398  ,Saudi Arabia,1787667972,1787667972,8.7165,45.6263,,True,1.03,73.12,,,,0443,False,0,2026-08-25 14:26:15.818294
400b00,EFW44X  ,United Kingdom,1787667971,1787667971,17.9612,44.6149,11285.22,False,252.92,118.02,0.0,,11788.14,4745,False,0,2026-08-25 14:26:15.818294
300608,ISOLG   ,Italy,1787667954,1787667964,8.4046,45.3088,213.36,False,34.66,84.04,-3.25,,228.6,7000,False,0,2026-08-25 14:26:15.818294
4072a5,TOM6223 ,United Kingdom,1787667971,1787667971,18.2758,44.6873,10972.8,False,223.36,341.61,0.0,,11483.34,5515,False,0,2026-08-25 14:26:15.818294
4d2407,EWG2QR  ,Malta,1787667972,1787667972,9.0647,46.4979,9700.26,False,230.75,357.19,-4.88,,10142.22,2770,False,0,2026-08-25 14:26:15.818294
4d2430,WZZ28XF ,Malta,1787667970,1787667971,15.1796,39.6832,11582.4,False,216.59,7.92,-0.33,,12260.58,6567,False,0,2026-08-25 14:26:15.818294
4cadc8,ITY610  ,Ireland,1787667971,1787667971,8.9354,43.1772,9700.26,False,212.84,291.85,3.25,,10226.04,4020,False,0,2026-08-25 14:26:15.818294
4cadc4,RYR15BQ ,Ireland,1787667970,1787667971,11.1203,44.6112,8183.88,False,167.54,301.05,-4.88,,8602.98,6045,False,0,2026-08-25 14:26:15.818294
4cadcb,ITY9743 ,Ireland,1787667972,1787667972,11.6001,47.0373,11887.2,False,230.77,177.06,0.0,,12336.78,1122,False,0,2026-08-25 14:26:15.818294
4d2418,EWG7Q   ,Malta,1787667972,1787667972,7.2811,43.5228,10972.8,False,260.75,49.08,0.0,,11544.3,1000,False,0,2026-08-25 14:26:15.818294
4cada7,ITY1462 ,Ireland,1787667971,1787667972,12.1763,42.0484,1051.56,False,119.26,162.42,-6.18,,1165.86,1000,False,0,2026-08-25 14:26:15.818294
4cada9,ITY1726 ,Ireland,1787667972,1787667972,11.9919,41.029,6400.8,False,176.18,337.33,-4.55,,6850.38,,False,0,2026-08-25 14:26:15.818294
4cada4,RYR411H ,Ireland,1787667971,1787667972,12.3716,45.9221,10363.2,False,218.71,316.62,0.0,,10805.16,7234,False,0,2026-08-25 14:26:15.818294
a9ca9d,N73VR   ,United States,1787667971,1787667971,9.3096,41.0709,4922.52,False,227.57,42.53,17.56,,5273.04,,False,0,2026-08-25 14:26:15.818294
4cadff,RYR7UB  ,Ireland,1787667972,1787667972,12.1165,46.4441,10972.8,False,250.83,51.58,0.0,,11407.14,1000,False,0,2026-08-25 14:26:15.818294
3005c5,ISRNT   ,Italy,1787667774,1787667776,12.7431,35.6845,1120.14,False,74.54,207.1,-2.6,,1272.54,0040,False,0,2026-08-25 14:26:15.818294
4d2486,VJT464  ,Malta,1787667790,1787667790,7.2046,43.6555,,True,2.06,135.0,,,,0451,False,0,2026-08-25 14:26:15.818294
4d246f,WMT1822 ,Malta,1787667972,1787667972,12.8323,45.9376,10972.8,False,247.43,57.14,0.0,,11437.62,1000,False,0,2026-08-25 14:26:15.818294
407537,BAW689  ,United Kingdom,1787667971,1787667972,11.5008,46.0021,11590.02,False,212.08,314.51,-0.65,,12054.84,2056,False,0,2026-08-25 14:26:15.818294
407535,BAW705  ,United Kingdom,1787667971,1787667972,13.9785,46.6321,10980.42,False,210.48,310.74,0.0,,11399.52,7217,False,0,2026-08-25 14:26:15.818294
4cadde,ITY800  ,Ireland,1787667971,1787667971,6.6785,39.3327,11894.82,False,210.26,225.2,-0.33,,12588.24,4033,False,0,2026-08-25 14:26:15.818294
4cade8,ITY427  ,Ireland,1787667971,1787667972,9.3079,45.199,944.88,False,116.66,27.58,-0.98,,1013.46,1135,False,0,2026-08-25 14:26:15.818294
4cade9,ITY718  ,Ireland,1787667972,1787667972,15.44,40.2036,11879.58,False,241.31,107.24,0.33,,12550.14,,False,0,2026-08-25 14:26:15.818294
4cadec,ITY729  ,Ireland,1787667971,1787667971,9.4304,45.0884,1965.96,False,117.86,326.93,-2.28,,2080.26,2012,False,0,2026-08-25 14:26:15.818294
4caded,ITY404  ,Ireland,1787667972,1787667972,12.1603,41.8088,1082.04,False,104.21,309.19,17.56,,1173.48,,False,0,2026-08-25 14:26:15.818294
4cadea,ITY1786 ,Ireland,1787667972,1787667972,9.4757,44.8363,3611.88,False,139.76,81.96,-6.83,,3810.0,1000,False,0,2026-08-25 14:26:15.818294
4d244c,RYR4HK  ,Malta,1787667972,1787667972,13.1471,42.1752,4251.96,False,228.96,62.28,8.78,,4511.04,,False,0,2026-08-25 14:26:15.818294
4cadf9,RYR55RV ,Ireland,1787667971,1787667972,8.9946,46.3476,11277.6,False,247.52,158.29,0.0,,11719.56,0114,False,0,2026-08-25 14:26:15.818294
4cadf6,RYR878Q ,Ireland,1787667971,1787667971,13.9921,36.4786,3474.72,False,186.36,153.08,-10.08,,3817.62,0221,False,0,2026-08-25 14:26:15.818294
406250,BAW620  ,United Kingdom,1787667971,1787667971,9.9562,44.3454,9959.34,False,260.61,122.34,-4.88,,10469.88,5270,False,0,2026-08-25 14:26:15.818294
40756d,EZY54KQ ,United Kingdom,1787667970,1787667971,16.5232,41.5459,11902.44,False,256.79,139.22,0.33,,12512.04,2276,False,0,2026-08-25 14:26:15.818294
4cae19,ITY852  ,Ireland,1787667970,1787667971,11.622,40.5815,7139.94,False,226.62,196.21,7.15,,7642.86,,False,0,2026-08-25 14:26:15.818294
4cae49,RYR5236 ,Ireland,1787667972,1787667972,9.0682,46.4805,11582.4,False,230.68,2.43,0.33,,12031.98,1000,False,0,2026-08-25 14:26:15.818294
424c4b,MDIVE   ,United Kingdom,1787667971,1787667971,15.3724,43.801,13106.4,False,188.18,306.78,0.0,,13662.66,5631,False,0,2026-08-25 14:26:15.818294
4cae53,RYR84LH ,Ireland,1787667972,1787667972,14.3885,35.9293,632.46,False,105.89,133.62,-4.88,,746.76,1457,False,0,2026-08-25 14:26:15.818294
4cae54,RYR8742 ,Ireland,1787667969,1787667971,13.4862,45.8223,,True,0.0,146.25,,,,2232,False,0,2026-08-25 14:26:15.818294
4cae51,RYR7264 ,Ireland,1787667971,1787667971,13.1189,37.2435,9867.9,False,235.22,323.81,11.05,,10515.6,6562,False,0,2026-08-25 14:26:15.818294
300782,DLH8MK  ,Italy,1787667972,1787667972,13.2939,44.5394,10668.0,False,256.63,143.89,-0.33,,11170.92,1000,False,0,2026-08-25 14:26:15.818294
424c7a,MYNNS   ,United Kingdom,1787667971,1787667971,10.3762,43.1409,13716.0,False,273.28,133.55,0.0,,14272.26,0521,False,0,2026-08-25 14:26:15.818294
4cae7d,TOM3YV  ,Ireland,1787667972,1787667972,13.8989,47.0172,11277.6,False,254.87,132.55,-0.33,,11689.08,4753,False,0,2026-08-25 14:26:15.818294
4cae67,RYR9534 ,Ireland,1787667971,1787667972,14.207,36.1992,2110.74,False,150.97,161.32,-2.6,,2346.96,0254,False,0,2026-08-25 14:26:15.818294
4d22c1,RYR953B ,Malta,1787667972,1787667972,9.7385,44.0549,11277.6,False,196.72,252.65,0.0,,11811.0,1000,False,0,2026-08-25 14:26:15.818294
4d22c2,RYR56HH ,Malta,1787667971,1787667971,11.4795,46.1423,10363.2,False,250.73,65.64,0.0,,10797.54,1000,False,0,2026-08-25 14:26:15.818294
4d22b7,RYR26EN ,Malta,1787667972,1787667972,12.3401,47.0996,10972.8,False,211.2,296.32,0.0,,11391.9,1000,False,0,2026-08-25 14:26:15.818294
4cae62,RYR19KX ,Ireland,1787667970,1787667970,9.1933,44.1575,10972.8,False,198.21,325.36,0.0,,11498.58,3737,False,0,2026-08-25 14:26:15.818294
4d22b5,RYR741D ,Malta,1787667970,1787667971,15.6841,46.9265,10355.58,False,226.94,198.23,-7.48,,10767.06,1000,False,0,2026-08-25 14:26:15.818294
4cae4c,RYR11TG ,Ireland,1787667970,1787667971,15.2391,41.5845,11430.0,False,210.24,328.92,3.9,,12039.6,,False,0,2026-08-25 14:26:15.818294
4d22bb,RYR7GC  ,Malta,1787667944,1787667952,16.2177,45.8406,853.44,False,70.6,226.77,-3.58,,929.64,1000,False,0,2026-08-25 14:26:15.818294
4d22bd,RYR8GW  ,Malta,1787667971,1787667971,10.9589,45.5397,10965.18,False,251.98,53.55,0.0,,11437.62,1000,False,0,2026-08-25 14:26:15.818294
aac8a4,UAL506  ,United States,1787667971,1787667972,10.8872,42.6798,8595.36,False,256.75,17.49,3.25,,9090.66,1214,False,0,2026-08-25 14:26:15.818294
4d2303,RYR65CN ,Malta,1787667971,1787667972,8.6256,46.0316,5524.5,False,179.28,156.67,-9.75,,5806.44,0534,False,0,2026-08-25 14:26:15.818294
4d2301,RYR2851 ,Malta,1787667972,1787667972,9.9535,43.4857,10972.8,False,205.93,321.9,-0.33,,11536.68,1254,False,0,2026-08-25 14:26:15.818294
4d234b,RYR22ED ,Malta,1787667971,1787667971,9.7869,45.653,510.54,False,87.91,286.31,-4.55,,571.5,1000,False,0,2026-08-25 14:26:15.818294
4cacdf,RYR41MD ,Ireland,1787667962,1787667962,8.721,45.624,,True,11.83,168.75,,,,3757,False,0,2026-08-25 14:26:15.818294
4d2350,RYR83EB ,Malta,1787667972,1787667972,7.8596,44.3263,9692.64,False,219.11,223.1,8.45,,10187.94,4010,False,0,2026-08-25 14:26:15.818294
3c56ec,EWG42X  ,Germany,1787667971,1787667971,15.4292,46.4414,11163.3,False,247.47,122.43,4.55,,11597.64,5633,False,0,2026-08-25 14:26:15.818294
46d0a3,SEH6RL  ,Greece,1787667972,1787667972,18.3281,38.8353,11582.4,False,212.01,300.8,0.0,,12230.1,,False,0,2026-08-25 14:26:15.818294
4d234c,RYR84GY ,Malta,1787667972,1787667972,13.5726,43.5296,10972.8,False,200.68,302.22,-0.33,,11506.2,5514,False,0,2026-08-25 14:26:15.818294
4d2362,MLM005  ,Malta,1787667971,1787667971,10.3821,36.6947,11582.4,False,218.38,276.22,0.0,,12329.16,2066,False,0,2026-08-25 14:26:15.818294
3985a3,AFR92NP ,France,1787667972,1787667972,8.7159,41.8327,4861.56,False,203.15,9.92,11.05,,5196.84,,False,0,2026-08-25 14:26:15.818294
4d237f,LXM058  ,Malta,1787667969,1787667972,13.8294,40.7957,4198.62,False,185.73,58.25,-11.05,,4503.42,,False,0,2026-08-25 14:26:15.818294
4d2392,EWG71LA ,Malta,1787667972,1787667972,14.976,43.2919,10972.8,False,211.57,329.13,0.33,,11529.06,3711,False,0,2026-08-25 14:26:15.818294
4d239b,CXI6HN  ,Malta,1787667972,1787667972,18.5949,44.2312,11582.4,False,206.08,317.43,0.0,,12123.42,7336,False,0,2026-08-25 14:26:15.818294
4d2374,VJT407  ,Malta,1787667971,1787667971,13.1383,38.1004,12595.86,False,242.13,155.12,-5.2,,13289.28,5754,False,0,2026-08-25 14:26:15.818294
3985f1,FHBPR   ,France,1787667972,1787667972,8.1682,42.6019,2834.64,False,55.24,147.94,-0.33,,2971.8,7032,False,0,2026-08-25 14:26:15.818294
3c56f1,EWG55E  ,Germany,1787667972,1787667972,8.198,42.6898,10980.42,False,243.52,38.4,0.0,,11574.78,1000,False,0,2026-08-25 14:26:15.818294
300393,DLA1YC  ,Italy,1787667971,1787667971,13.5677,43.7648,1143.0,False,86.95,225.72,-3.58,,1226.82,1000,False,0,2026-08-25 14:26:15.818294
4d2383,RYR69LM ,Malta,1787667972,1787667972,6.85,46.2796,10980.42,False,207.76,324.07,-0.33,,11437.62,5774,False,0,2026-08-25 14:26:15.818294
4d2384,RYR702R ,Malta,1787667972,1787667972,9.9233,45.6961,4404.36,False,191.29,61.57,11.38,,4617.72,1000,False,0,2026-08-25 14:26:15.818294
398600,AFR43RA ,France,1787667972,1787667972,12.3441,45.0824,10668.0,False,259.49,125.23,-0.33,,11125.2,1000,False,0,2026-08-25 14:26:15.818294
4070ed,EXS674E ,United Kingdom,1787667971,1787667972,15.6964,45.1221,11582.4,False,222.18,339.68,0.33,,12054.84,3705,False,0,2026-08-25 14:26:15.818294
4cad4f,RYR8X   ,Ireland,1787667971,1787667972,16.5952,44.173,9867.9,False,193.98,277.31,5.53,,10355.58,1000,False,0,2026-08-25 14:26:15.818294
4d21c8,CXI9N   ,Malta,1787667971,1787667971,16.4262,44.0088,11887.2,False,229.03,143.31,0.0,,12412.98,6425,False,0,2026-08-25 14:26:15.818294
4d21c9,AEZ158C ,Malta,1787667971,1787667972,12.57,40.9524,8244.84,False,229.07,150.1,11.05,,8747.76,,False,0,2026-08-25 14:26:15.818294
4cad3d,RYR49RT ,Ireland,1787667972,1787667972,11.1078,45.9175,11277.6,False,218.65,215.04,0.0,,11742.42,1000,False,0,2026-08-25 14:26:15.818294
4d21ef,RYR76HR ,Malta,1787667971,1787667971,15.6742,42.7628,10972.8,False,224.34,341.69,0.0,,11536.68,3720,False,0,2026-08-25 14:26:15.818294
4d21ec,RYR4VL  ,Malta,1787667971,1787667971,14.9884,39.8877,11582.4,False,212.2,302.73,-0.65,,12230.1,,False,0,2026-08-25 14:26:15.818294
4d21ee,RYR5119 ,Malta,1787667971,1787667971,13.9382,40.7265,10363.2,False,214.37,327.64,0.0,,10980.42,,False,0,2026-08-25 14:26:15.818294
4d21ea,RYR25LY ,Malta,1787667972,1787667972,10.4717,44.5746,11056.62,False,257.55,148.31,-4.88,,11559.54,0511,False,0,2026-08-25 14:26:15.818294
4d21fa,AEZ145N ,Malta,1787667971,1787667971,12.7527,39.776,9944.1,False,213.32,162.74,-1.95,,10553.7,,False,0,2026-08-25 14:26:15.818294
4d21cd,VJT643  ,Malta,1787667870,1787667946,13.4888,43.7046,762.0,False,76.39,224.45,-3.9,,807.72,7064,False,0,2026-08-25 14:26:15.818294
4c01eb,ASL10A  ,Serbia,1787667971,1787667971,18.0864,46.4032,10058.4,False,233.56,128.56,-4.88,,10500.36,4752,False,0,2026-08-25 14:26:15.818294
4d21f6,AEZ311L ,Malta,1787667971,1787667971,11.3631,41.5609,5692.14,False,209.78,69.92,-8.45,,6088.38,,False,0,2026-08-25 14:26:15.818294
4d21f2,RYR6QX  ,Malta,1787667972,1787667972,13.5892,43.0275,11887.2,False,259.08,130.49,0.0,,12451.08,0405,False,0,2026-08-25 14:26:15.818294
4d21dc,KMM420  ,Malta,1787667972,1787667972,14.2319,35.9071,3718.56,False,158.8,326.36,13.66,,4061.46,6563,False,0,2026-08-25 14:26:15.818294
39b16f,FHMLP   ,France,1787667972,1787667972,7.357,43.0483,2286.0,False,61.05,286.14,0.0,,2438.4,,False,0,2026-08-25 14:26:15.818294
4d2238,RYR78YM ,Malta,1787667966,1787667966,10.2536,43.5116,1165.86,False,107.15,356.97,-4.88,,1280.16,5171,False,0,2026-08-25 14:26:15.818294
4cabd1,EIN42C  ,Ireland,1787667971,1787667972,11.6169,46.0438,8481.06,False,209.61,334.25,5.85,,8877.3,0247,False,0,2026-08-25 14:26:15.818294
33fc8b,FIAMMA83,Italy,1787667739,1787667739,12.4545,41.6488,152.4,False,27.99,306.03,-4.23,,198.12,,False,0,2026-08-25 14:26:15.818294
4c0263,ASL53E  ,Serbia,1787667971,1787667972,16.7693,46.6548,10058.4,False,249.94,115.09,-0.33,,10431.78,3031,False,0,2026-08-25 14:26:15.818294
4d222d,RYR520K ,Malta,1787667972,1787667972,10.9251,44.5318,4472.94,False,180.07,261.29,14.96,,4693.92,1000,False,0,2026-08-25 14:26:15.818294
4d2223,RYR785N ,Malta,1787667971,1787667972,10.6905,45.9662,8983.98,False,260.57,65.26,9.1,,9372.6,1000,False,0,2026-08-25 14:26:15.818294
4d2225,RYR56VF ,Malta,1787667972,1787667972,11.3157,43.8209,10363.2,False,211.05,324.02,0.0,,10866.12,1000,False,0,2026-08-25 14:26:15.818294
4c0241,ASL40Y  ,Serbia,1787667972,1787667972,15.1465,45.1076,4175.76,False,125.9,75.57,3.9,,4373.88,4136,False,0,2026-08-25 14:26:15.818294
4d220a,RYR7DK  ,Malta,1787667971,1787667971,17.4617,40.9303,11277.6,False,250.65,143.77,0.0,,11902.44,0440,False,0,2026-08-25 14:26:15.818294
4d2221,RYR9539 ,Malta,1787667971,1787667971,16.4666,45.7798,9448.8,False,249.86,93.07,0.0,,9860.28,6407,False,0,2026-08-25 14:26:15.818294
4d226e,RYR2SN  ,Malta,1787667850,1787667851,14.8322,37.4469,1013.46,False,105.96,84.43,-4.55,,1158.24,5406,False,0,2026-08-25 14:26:15.818294
4d225e,RYR52UR ,Malta,1787667969,1787667971,18.0161,44.7409,10668.0,False,249.64,88.11,0.0,,11170.92,0252,False,0,2026-08-25 14:26:15.818294
4d2273,RYR20WJ ,Malta,1787667971,1787667971,7.6443,45.1133,739.14,False,90.61,2.28,-4.23,,807.72,1000,False,0,2026-08-25 14:26:15.818294
406012,EZY57AZ ,United Kingdom,1787667971,1787667971,16.6585,45.0943,10683.24,False,248.45,124.71,0.0,,11155.68,0525,False,0,2026-08-25 14:26:15.818294
4d227a,RYR1855 ,Malta,1787667971,1787667972,12.2551,41.5097,11887.2,False,245.78,176.76,0.0,,12504.42,7426,False,0,2026-08-25 14:26:15.818294
406011,EZY58PA ,United Kingdom,1787667972,1787667972,11.4164,41.4462,10980.42,False,213.62,340.74,0.0,,11612.88,6561,False,0,2026-08-25 14:26:15.818294
4d2258,RYR70QN ,Malta,1787667972,1787667972,11.7757,43.7064,11277.6,False,224.35,193.53,0.0,,11826.24,7433,False,0,2026-08-25 14:26:15.818294
4d2251,RYR1VB  ,Malta,1787667971,1787667971,12.9263,41.4226,5120.64,False,188.54,357.03,-10.4,,5478.78,,False,0,2026-08-25 14:26:15.818294
4d225a,RYR82QT ,Malta,1787667971,1787667972,12.1139,44.9813,7010.4,False,203.42,216.46,10.73,,7376.16,7434,False,0,2026-08-25 14:26:15.818294
3c55c5,EWG7DL  ,Germany,1787667972,1787667972,11.359,46.8054,10363.2,False,235.92,28.24,0.0,,10789.92,1000,False,0,2026-08-25 14:26:15.818294
4d224e,RYR11RR ,Malta,1787667970,1787667972,13.9613,36.2322,6263.64,False,199.9,326.23,10.08,,6751.32,6576,False,0,2026-08-25 14:26:15.818294
4d2262,RYR88JA ,Malta,1787667972,1787667972,13.8237,44.4229,10972.8,False,201.57,313.76,0.0,,11475.72,3704,False,0,2026-08-25 14:26:15.818294
49328f,NJE190K ,Portugal,1787667972,1787667972,8.7941,44.0326,13106.4,False,243.01,134.49,0.0,,13639.8,1151,False,0,2026-08-25 14:26:15.818294
49328c,NJE5DY  ,Portugal,1787667971,1787667971,9.901,41.4415,8580.12,False,193.68,12.89,10.73,,9105.9,,False,0,2026-08-25 14:26:15.818294
71007c,SVA150  ,Saudi Arabia,1787667971,1787667972,18.3301,45.5648,10066.02,False,238.96,150.18,0.0,,10553.7,7140,False,0,2026-08-25 14:26:15.818294
493294,NJE646C ,Portugal,1787667971,1787667971,10.505,42.6565,9144.0,False,209.33,312.71,0.0,,9646.92,1000,False,0,2026-08-25 14:26:15.818294
4071d9,EZY58EL ,United Kingdom,1787667972,1787667972,13.2663,45.3046,10988.04,False,209.86,321.67,0.0,,11475.72,7733,False,0,2026-08-25 14:26:15.818294
300554,DLA7YY  ,Italy,1787667972,1787667972,11.9364,45.4082,1645.92,False,144.83,145.86,-9.75,,1744.98,1000,False,0,2026-08-25 14:26:15.818294
300557,DLA9LK  ,Italy,1787667862,1787667865,11.2727,44.5412,83.82,False,74.54,117.1,-3.58,,106.68,1000,False,0,2026-08-25 14:26:15.818294
300558,DLA3LA  ,Italy,1787667972,1787667972,8.797,45.7074,6301.74,False,185.96,226.68,-6.5,,6591.3,1000,False,0,2026-08-25 14:26:15.818294
4cac56,RYR22RK ,Ireland,1787667972,1787667972,7.1925,43.4162,11582.4,False,262.64,45.16,0.0,,12153.9,1000,False,0,2026-08-25 14:26:15.818294
4cac8c,NOS2986 ,Ireland,1787667972,1787667972,13.1351,41.6615,11582.4,False,203.36,327.4,0.0,,12214.86,6634,False,0,2026-08-25 14:26:15.818294
4cac8d,NOS83FR ,Ireland,1787667972,1787667972,11.426,38.5858,11582.4,False,219.18,355.96,0.0,,12275.82,6152,False,0,2026-08-25 14:26:15.818294
4d20f0,CHZ777  ,Malta,1787667971,1787667972,15.2411,44.0049,12496.8,False,231.96,317.61,0.0,,13045.44,7223,False,0,2026-08-25 14:26:15.818294
4d20f3,WMT2TY  ,Malta,1787667972,1787667972,12.6053,40.9662,11277.6,False,250.83,149.02,0.0,,11910.06,4662,False,0,2026-08-25 14:26:15.818294
39b10b,FBU73D  ,France,1787667970,1787667971,8.0713,45.6481,12192.0,False,218.93,286.52,0.0,,12679.68,1000,False,0,2026-08-25 14:26:15.818294
4d20c0,WMT7VK  ,Malta,1787667972,1787667972,12.3871,41.4237,3779.52,False,208.81,139.8,11.38,,4046.22,,False,0,2026-08-25 14:26:15.818294
71be09,KAL8592 ,Republic of Korea,1787667972,1787667972,7.3081,46.7923,11277.6,False,272.28,51.29,0.0,,11704.32,1000,False,0,2026-08-25 14:26:15.818294
4d20bd,WMT9ZH  ,Malta,1787667870,1787667873,14.4048,40.8488,2392.68,False,147.8,67.27,-6.18,,2583.18,1000,False,0,2026-08-25 14:26:15.818294
4d2120,VJT408  ,Malta,1787667971,1787667971,8.4284,42.31,6705.6,False,162.12,327.57,0.0,,7109.46,0205,False,0,2026-08-25 14:26:15.818294
4caab4,ITY1721 ,Ireland,1787667971,1787667972,9.9124,44.8852,7452.36,False,222.45,150.95,11.7,,7818.12,6312,False,0,2026-08-25 14:26:15.818294
010162,MSR793  ,Egypt,1787667972,1787667972,15.3751,40.2537,11277.6,False,207.71,315.3,0.0,,11925.3,4220,True,0,2026-08-25 14:26:15.818294
4d2100,WMT4LN  ,Malta,1787667971,1787667971,11.2789,41.3294,7223.76,False,184.52,243.86,7.8,,7665.72,,False,0,2026-08-25 14:26:15.818294
710125,SVA7177 ,Saudi Arabia,1787667971,1787667971,17.4358,37.2815,10843.26,False,267.9,137.02,10.08,,11506.2,7554,False,0,2026-08-25 14:26:15.818294
4d2150,AXY935T ,Malta,1787667971,1787667971,10.4114,40.8605,9448.8,False,204.78,271.01,0.0,,10027.92,,False,0,2026-08-25 14:26:15.818294
4d214f,AJD214K ,Malta,1787667972,1787667972,8.7605,44.3823,12192.0,False,196.65,325.23,-0.33,,12725.4,1000,False,0,2026-08-25 14:26:15.818294
4d2146,WMT5ST  ,Malta,1787667971,1787667972,15.2329,44.7613,10363.2,False,201.32,257.46,0.0,,10835.64,4142,False,0,2026-08-25 14:26:15.818294
3c54a5,EWG27D  ,Germany,1787667971,1787667971,16.5838,43.8684,11277.6,False,231.4,155.71,-0.33,,11849.1,5557,False,0,2026-08-25 14:26:15.818294
4d206c,WMT9YD  ,Malta,1787667972,1787667972,10.1123,45.699,6416.04,False,234.15,88.49,8.13,,6713.22,0455,False,0,2026-08-25 14:26:15.818294
4d207a,AEZ2583 ,Malta,1787667644,1787667658,9.5068,41.1617,3048.0,False,172.68,103.79,-6.5,,3253.74,3510,False,0,2026-08-25 14:26:15.818294
4d207b,AEZ2038 ,Malta,1787667972,1787667972,11.8274,44.6875,5699.76,False,158.87,39.88,-2.93,,5974.08,5446,False,0,2026-08-25 14:26:15.818294
3e1a54,PAV644  ,Germany,1787667972,1787667972,8.5564,46.8716,6522.72,False,172.66,174.36,10.73,,6819.9,1000,False,0,2026-08-25 14:26:15.818294
4d2089,VJT741  ,Malta,1787667970,1787667971,16.5086,44.5671,12496.8,False,257.41,139.95,-1.3,,13030.2,2151,False,0,2026-08-25 14:26:15.818294
4d204b,WMT499  ,Malta,1787667972,1787667972,12.2249,41.7977,358.14,False,76.46,251.57,12.35,,419.1,,False,0,2026-08-25 14:26:15.818294
4081a3,BAW575  ,United Kingdom,1787667971,1787667971,7.9762,45.7427,9044.94,False,188.75,277.2,7.15,,9479.28,0465,False,0,2026-08-25 14:26:15.818294
4b4e15,HB2414  ,Switzerland,1787667966,1787667971,6.7273,44.5961,2788.92,False,36.89,39.91,-0.33,,2964.18,,False,0,2026-08-25 14:26:15.818294
39d2a3,AFR264  ,France,1787667971,1787667972,15.0736,46.9868,11277.6,False,278.07,100.77,0.0,,11673.84,0665,False,0,2026-08-25 14:26:15.818294
4b18f1,EDW335T ,Switzerland,1787667972,1787667972,13.0131,44.8145,11567.16,False,216.08,324.99,0.0,,12077.7,2077,False,0,2026-08-25 14:26:15.818294
71012f,SVA210  ,Saudi Arabia,1787667970,1787667971,8.6799,45.5128,4457.7,False,197.04,113.22,5.53,,4671.06,0407,False,0,2026-08-25 14:26:15.818294
4d208a,VJT754  ,Malta,1787667971,1787667971,8.0029,40.6452,6240.78,False,238.61,95.07,-5.85,,6682.74,5437,False,0,2026-08-25 14:26:15.818294
7100ad,SVA232  ,Saudi Arabia,1787667971,1787667972,10.4175,46.4083,8686.8,False,251.35,125.25,4.55,,9075.42,3022,False,0,2026-08-25 14:26:15.818294
4b1939,CSW8GJ  ,Switzerland,1787667971,1787667972,12.3496,45.902,11887.2,False,250.65,138.16,0.0,,12336.78,3035,False,0,2026-08-25 14:26:15.818294
39856c,AFR51JY ,France,1787667972,1787667972,8.1759,45.2185,11887.2,False,274.12,108.6,-0.33,,12390.12,1000,False,0,2026-08-25 14:26:15.818294
4caa61,RYR56QV ,Ireland,1787667970,1787667970,10.3636,42.9523,3520.44,False,189.31,351.56,-10.73,,3749.04,1443,False,0,2026-08-25 14:26:15.818294
40717d,EXS31WM ,United Kingdom,1787667971,1787667971,15.838,45.8977,10972.8,False,219.33,331.87,0.0,,11422.38,7261,False,0,2026-08-25 14:26:15.818294
4b194e,SWR3VD  ,Switzerland,1787667971,1787667971,13.4039,45.0883,10972.8,False,213.31,321.17,0.0,,11483.34,6053,False,0,2026-08-25 14:26:15.818294
3c66e2,OCN7MP  ,Germany,1787667971,1787667972,11.1007,46.1565,10264.14,False,221.47,214.69,4.88,,10706.1,1000,False,0,2026-08-25 14:26:15.818294
3aac3a,FGN9377 ,France,1787667882,1787667891,6.6258,44.8791,,True,0.0,208.12,,,,,False,0,2026-08-25 14:26:15.818294
451e8e,BGH2503 ,Bulgaria,1787667972,1787667972,17.2958,46.8456,10363.2,False,226.33,308.35,-0.33,,10774.68,7225,False,0,2026-08-25 14:26:15.818294
451e8c,GPX2871 ,Bulgaria,1787667963,1787667971,17.2494,43.7081,10652.76,False,251.41,123.4,0.0,,11178.54,0244,False,0,2026-08-25 14:26:15.818294
4c2655,PNC8J   ,Serbia,1787667971,1787667971,10.9539,46.7163,11277.6,False,193.74,282.26,0.33,,11704.32,1000,False,0,2026-08-25 14:26:15.818294
4692d3,AEE7CE  ,Greece,1787667972,1787667972,12.708,45.4207,3459.48,False,179.35,127.66,9.1,,3634.74,0242,False,0,2026-08-25 14:26:15.818294
4692d1,AEE3FR  ,Greece,1787667972,1787667972,15.1997,46.7935,10972.8,False,211.35,314.9,-0.33,,11391.9,7741,False,0,2026-08-25 14:26:15.818294
4d2049,WZZ8WB  ,Malta,1787667968,1787667969,17.987,43.5199,9197.34,False,204.86,316.32,4.23,,9707.88,,False,0,2026-08-25 14:26:15.818294
4d203a,KNE663  ,Malta,1787667971,1787667972,14.2006,35.8108,10972.8,False,231.06,276.78,0.0,,11711.94,7742,False,0,2026-08-25 14:26:15.818294
30024c,CAN25   ,Italy,1787667951,1787667972,16.2339,39.3738,1844.04,False,95.25,169.42,1.3,,2026.92,,False,0,2026-08-25 14:26:15.818294
3c66ad,DLH1EJ  ,Germany,1787667971,1787667971,12.4641,45.6443,11285.22,False,236.06,176.5,-0.33,,11742.42,5540,False,0,2026-08-25 14:26:15.818294
4d200f,WZZ38   ,Malta,1787667972,1787667972,9.7113,44.8715,10972.8,False,258.25,53.02,0.0,,11475.72,1000,False,0,2026-08-25 14:26:15.818294
3c66b3,OCN6VT  ,Germany,1787667972,1787667972,17.8356,46.8016,11277.6,False,256.72,108.94,0.0,,11734.8,7710,False,0,2026-08-25 14:26:15.818294
4d2022,WMT4DV  ,Malta,1787667972,1787667972,10.905,44.6813,1546.86,False,132.8,133.9,-2.93,,1638.3,1000,False,0,2026-08-25 14:26:15.818294
300348,IGREE   ,Italy,1787667971,1787667972,9.1054,44.7435,1219.2,False,71.69,85.89,3.58,,1310.64,4610,False,0,2026-08-25 14:26:15.818294
4b17de,SWR5YW  ,Switzerland,1787667971,1787667972,9.2495,45.7848,10675.62,False,204.03,326.31,-8.45,,11163.3,1000,False,0,2026-08-25 14:26:15.818294
4b17fb,SWR4CA  ,Switzerland,1787667971,1787667972,10.7864,44.3141,11582.4,False,199.26,324.67,0.0,,12115.8,1000,False,0,2026-08-25 14:26:15.818294
44b664,OSPREY4 ,Belgium,1787667971,1787667971,15.9991,36.4624,1508.76,False,59.91,110.61,-0.33,,1668.78,7000,False,0,2026-08-25 14:26:15.818294
398563,AFR98JB ,France,1787667970,1787667972,8.9486,45.7423,10363.2,False,210.26,273.37,0.0,,10835.64,0273,False,0,2026-08-25 14:26:15.818294
398544,FMY81A9 ,France,1787667969,1787667971,6.791,45.9019,1866.9,False,52.72,252.98,-2.28,,1965.96,,False,0,2026-08-25 14:26:15.818294
